name,category,brand,price
LIQUID COOLER AIO - ARGB LE520 WHITE,AIO,DEEPCOOL,3808.00
LIQUID COOLER AIO - LS520 SE DIGITAL BLACK,AIO,DEEPCOOL,4928.00
LIQUID COOLER AIO - LS520 SE DIGITAL WHITE,AIO,DEEPCOOL,5264.00
LIQUID COOLER AIO - LT520 BLACK,AIO,DEEPCOOL,5208.00
LIQUID COOLER AIO - LT520 WHITE,AIO,DEEPCOOL,5320.00
LIQUID COOLER FROZEN WARFRAME 240 ARGB BLACK,AIO,THERMALRIGHT,4480.00
LIQUID COOLER AIO - DF-120 PINK,AIO,YGT,1848.00
LIQUID COOLER AIO - DF-120 WHITE,AIO,YGT,1848.00
HURRICANE 240 BLACK TEMP,AIO,OVATION,3152.80
HURRICANE 240 WHITE TEMP,AIO,OVATION,3270.40
ASTROSHEL 240 DIGITAL (WHITE),AIO,JUNGLE LEOPARD,3976.00
ASTROSHEL 240 DIGITAL (BLACK),AIO,JUNGLE LEOPARD,3864.00
ASTROBEAT 240 DIGITAL (WHITE),AIO,JUNGLE LEOPARD,3192.00
ASTROBEAT 240 DIGITAL (BLACK),AIO,JUNGLE LEOPARD,3080.00
ASTROSHEL 360 DIGITAL (BLACK),AIO,JUNGLE LEOPARD,5040.00
ASTROSHEL 360 DIGITAL (WHITE),AIO,JUNGLE LEOPARD,5152.00
MYSTIQUE 240 5TH GEN LIQUID COOLER WITH LCD SCREEN (BLACK),AIO,DEEPCOOL,7616.00
MYSTIQUE 360 5TH GEN LIQUID COOLER WITH LCD SCREEN (WHITE),AIO,DEEPCOOL,9296.00
MYSTIQUE 240 ARGB 5TH GEN ARGB LIQUID COOLER WITH LCD SCREEN (BLACK),AIO,DEEPCOOL,7616.00
MYSTIQUE 240 ARGB 5TH GEN ARGB LIQUID COOLER WITH LCD SCREEN (WHITE),AIO,DEEPCOOL,7504.00
MYSTIQUE 360 ARGB 5TH GEN ARGB LIQUID COOLER WITH LCD SCREEN (BLACK),AIO,DEEPCOOL,9296.00
LIQUID COOLER FROZEN WARFRAME 240 ARGB WHITE,AIO,THERMALRIGHT,4592.00
HDMI -HDTV 2.0 4K 20M,CABLE,DELUXE,784.00
HDMI -HDTV 2.0 4K 10M,CABLE,DELUXE,616.00
VGA CABLE (FOR DELL BLACK),CABLE,GENERIC,168.00
DISPLAY PORT 1.5M,CABLE,KEYTECH,201.60
DP TO HDMI,CABLE,KEYTECH,280.00
HDMI 4K 1.5M,CABLE,KEYTECH,168.00
HDMI TO VGA 1.8M,CABLE,KEYTECH,224.00
HDMI - HEAVY DUTY 1.5M,CABLE,KINGCHUKI,280.00
V920 - BLACK,CASE GAMING,ACER,2016.00
V920 - WHITE,CASE GAMING,ACER,2128.00
V950 - BLACK,CASE GAMING,ACER,3136.00
V950 - WHITE,CASE GAMING,ACER,3248.00
HARLEY - BLACK,CASE GAMING,COOLMAN,1456.00
REYNA M-ATX - BLACK,CASE GAMING,COOLMAN,1736.00
RUBY with 3fans  - WHITE,CASE GAMING,COOLMAN,2352.00
DK351 with 4 ARGB Fans  - WHITE,CASE GAMING,DARKFLASH,2688.00
DLH21 - BLACK,CASE GAMING,DARKFLASH,4200.00
DLM21 MESH - WHITE,CASE GAMING,DARKFLASH,2632.00
DLX22 - WHITE,CASE GAMING,DARKFLASH,4144.00
CC360 ARGB WHITE,CASE GAMING,DEEP COOL,3080.00
CH160 BLACK ITX,CASE GAMING,DEEP COOL,3304.00
TALOS E3 MESH  - BLACK,CASE GAMING,GAMDIAS,2856.00
TALOS E3 MESH  - WHITE,CASE GAMING,GAMDIAS,3024.00
METEOR 3 /  ICE DRILL 1 - BLACK,CASE GAMING,INPLAY,1288.00
METEOR 3 /  ICE DRILL 1 - WHITE,CASE GAMING,INPLAY,1344.00
ARMOR - WHITE,CASE GAMING,KEYTECH,1568.00
CUIRASS  - BLACK,CASE GAMING,KEYTECH,1512.00
CUIRASS  - WHITE,CASE GAMING,KEYTECH,1568.00
CYBORG CASE - DEMON SLAYER,CASE GAMING,KEYTECH,2744.00
CYBORG CASE - DRAGONBALL,CASE GAMING,KEYTECH,2744.00
CYBORG CASE - ONE PIECE WHITE W/6 PCS LED FAN,CASE GAMING,KEYTECH,2912.00
CYBORG CASE - ROG BLACK W/6 PCS LED FAN,CASE GAMING,KEYTECH,2632.00
CYBORG CASE - ROG WHITE W/6 PCS LED FAN,CASE GAMING,KEYTECH,2744.00
CYBORG CASE - VENOM,CASE GAMING,KEYTECH,2744.00
HEXA CASE - BLACK,CASE GAMING,KEYTECH,1512.00
HEXA CASE - WHITE,CASE GAMING,KEYTECH,1568.00
ROBIN CUBE BLACK,CASE GAMING,KEYTECH,1624.00
ROBIN CUBE WHITE,CASE GAMING,KEYTECH,1680.00
ROBIN QUAD GUNDAM (WHITE),CASE GAMING,KEYTECH,1545.60
ROBIN QUAD ONE PIECE (WHITE),CASE GAMING,KEYTECH,1545.60
ROBIN SE BLACK,CASE GAMING,KEYTECH,2352.00
ROBIN SE WHITE,CASE GAMING,KEYTECH,2464.00
T1000 - BLACK (case only),CASE GAMING,KEYTECH,1288.00
T1000 - WHITE (case only),CASE GAMING,KEYTECH,1400.00
T5000 BLACK,CASE GAMING,KEYTECH,1344.00
T5000 WHITE,CASE GAMING,KEYTECH,1400.00
T600 - WHITE,CASE GAMING,KEYTECH,1400.00
VISOR - BLACK (MESH),CASE GAMING,KEYTECH,1512.00
VISOR - WHITE (MESH),CASE GAMING,KEYTECH,1568.00
AK99 - white,CASE GAMING,MMA,2800.00
SR89 BLACK,CASE GAMING,MMA,1064.00
SR89 WHITE,CASE GAMING,MMA,1176.00
H5 FLOW - WHITE,CASE GAMING,NZXT,6832.00
B708 - BLACK,CASE GAMING,YGT,1400.00
B708 - WHITE,CASE GAMING,YGT,1400.00
B709 - BLACK,CASE GAMING,YGT,1400.00
B709 - WHITE,CASE GAMING,YGT,1456.00
N195 BLACK,CASE GAMING,YGT,1064.00
N195 WHITE,CASE GAMING,YGT,1176.00
WD200 BLACK (WOOD EDITION),CASE GAMING,DARK FLASH,2744.00
CH260 BLACK,CASE GAMING,DEEP COOL,0.00
ROBIN CURVED MINI DGT (BLACK),CASE GAMING,WJ COOLMAN,2352.00
INPLAY WIND 01 CASE,CASE GENERIC,INPLAY,672.00
LITE CASE - X220-B0 CASE ONLY WITH 2 RGB FANS BLK,CASE GENERIC,INPLAY,627.20
LITE CASE - X220-B0 CASE ONLY WITH 2 RGB FANS WHT,CASE GENERIC,INPLAY,672.00
LITE CASE - X220-G250 CASE WITH 2 RGB FANS BUILT IN GP2508 PSU BLACK,CASE GENERIC,INPLAY,1232.00
DARTH VADER with 2 fans - BLACK,CASE GENERIC,KEYTECH,1120.00
K6 WITH PSU,CASE GENERIC,KEYTECH,896.00
STORM TROOPER with 2 fans - WHITE,CASE GENERIC,KEYTECH,1176.00
T100 CASE - BLACK,CASE GENERIC,KEYTECH,784.00
T100 CASE - WHITE,CASE GENERIC,KEYTECH,784.00
K7 WITH PSU,CASE GENERIC,KEYTECH,896.00
MA 860 WHITE,CASE GENERIC,MMA,761.60
M2  - BLACK,CASE GENERIC,YGT,952.00
M2 - WHITE,CASE GENERIC,YGT,952.00
M3 - BLACK,CASE GENERIC,YGT,952.00
M3 - WHITE,CASE GENERIC,YGT,1008.00
M6 - WHITE,CASE GENERIC,YGT,1008.00
M7 - WHITE,CASE GENERIC,YGT,1008.00
PHANTOM OR ODYSSEY,CASE GENERIC,NEUTRON,896.00
MARS 7 - with PSU,CASE GENERIC,YGT,896.00
M7 - black,CASE GENERIC,YGT,1008.00
MARS 8 - with PSU,CASE GENERIC,YGT,896.00
TS300 WITH 3 PCS LED FAN (black),CASE GENERIC,KEYTECH,1064.00
MARS 6 - with PSU,CASE GENERIC,YGT,896.00
Y-288,CASE GENERIC,YGT,784.00
1080P CCTV - 4 CHANNELS,CCTV,DAHUA,5936.00
2MP CCTV FIXED LENS BULLET CAMERA FULL COLOR,CCTV,DAHUA,2072.00
C500 OUTDOOR PAN/TILT SECURITY WIFI CAMERA,CCTV,TAPO,2240.00
C210 3MP PAN/TILT HOME SECURITY WIFI CAMERA,CCTV,TAPO,1456.00
C310 3MP OUTDOOR SECURITY WIFI CAMERA,CCTV,TAPO,2072.00
C211 PAN/TILT HOME SECURITY WIFI CAMERA,CCTV,TAPO,1456.00
C200 2MP PAN/TILT HOME SECURITY WIFI CAMERA,CCTV,TAPO,1344.00
16 CHANNEL NETWORK VIDEO RECORDER,CCTV,TP LINK,4088.00
C6N 2MP 1080P  INDOOR SMART IR CAMERA WIFI 24.4 GHZ 360 PANTILT MICRO SD MAX 256GB 2WAY TALK,CCTV,EZVIZ,1120.00
H6C PRO 4MP 2K RESOLUTION,CCTV,EZVIZ,1680.00
H8C 3MP  4G INTERNET CAMERA 2K RESOLUTION,CCTV,EZVIZ,2184.00
H1C 2MP INDOOR PT CAMERA 1080P RESOLUTION,CCTV,EZVIZ,974.40
CB2 2MP BLK 1080P BATTERY CAM 2000mAh MICRO SD MAX 512GB 2WAY TALK,CCTV,EZVIZ,2576.00
GAMING CHAIR EC-0134-N-K3-303 BLACK,CHAIR,DX RACER,6048.00
GAMING CHAIR EC-0134-NR-K3-303 RED,CHAIR,DX RACER,6048.00
ALPHA CHAIR BLACK,CHAIR,FANTECH,3752.00
ALPHA CHAIR RED,CHAIR,FANTECH,3752.00
GAN POWER PLUS 65W CWG302,CHARGER,FANTECH,1568.00
GAN POWER PURE 38W CWQ202,CHARGER,FANTECH,806.40
GAN POWER PURE 30W CWQ201,CHARGER,FANTECH,761.60
GAN PURE 18W CWQ103,CHARGER,FANTECH,425.60
SMART GAMING GRIP ACGP01,CHARGER,FANTECH,392.00
NOVA PRO EPSILON BLACK WIRELESS GAME PAD,CONSOLE,FANTECH,2072.00
NOVA PRO STAR ONE WHITE WIRELESS GAME PAD,CONSOLE,FANTECH,2072.00
REVOLVER WIRED GAMING CONTROLLER GP12,CONSOLE,FANTECH,952.00
REVOLVER WIRELESS GAMING CONTROLLER WGP12 BLACK,CONSOLE,FANTECH,1657.60
REVOLVER WIRELESS GAMING CONTROLLER WGP12 WHITE,CONSOLE,FANTECH,1657.60
BARTOP ARCADE (ASSORTED CHARACTERS),CONSOLE,VARIANT,14558.88
NOVA PRO POLARIS BLUE WIRELESS GAME PAD,CONSOLE,FANTECH,2072.00
NOVA PRO SOLARIS RAINBOW WIRELESS GAME PAD,CONSOLE,FANTECH,2072.00
SHOOTER III BLACK WIRELESS GAME PAD,CONSOLE,FANTECH,1120.00
SHOOTER III WHITE WIRELESS GAME PAD,CONSOLE,FANTECH,1232.00
AK400  - (DIGITAL) black,COOLER FAN,DEEPCOOL,2688.00
AK400  - (DIGITAL) white,COOLER FAN,DEEPCOOL,2408.00
AK400 - ZERO DARK,COOLER FAN,DEEPCOOL,1904.00
AK500 - BLACK,COOLER FAN,DEEPCOOL,2576.00
AK500S - (DIGITAL) white,COOLER FAN,DEEPCOOL,2632.00
CR 1200 - BLACK,COOLER FAN,JONSBO,560.00
CR 1400 EVO - ARGB BLACK,COOLER FAN,JONSBO,952.00
CR 1400 EVO - ARGB WHITE,COOLER FAN,JONSBO,963.20
AG400  - (DIGITAL WITH ARGB) WHITE,COOLER FAN,DEEPCOOL,1960.00
AG400  - (DIGITAL WITH ARGB) BLACK,COOLER FAN,DEEPCOOL,1848.00
AK400  -  black,COOLER FAN,DEEPCOOL,0.00
AK400  -  white,COOLER FAN,DEEPCOOL,0.00
ASPIRE TC-1785 I5-14TH GEN  8GB 256GB SSD 1TB HDD 500W + ACER SA222Q LED MONITOR,DESKTOP,ACER,46480.00
DRW-24D5MT 24X,DVDRW,ASUS,1568.00
AURVANA ACE 2,EARPHONES,CREATIVE,6160.00
2.5inch ENCLOSURE,ENCLOSURE,ORICO,392.00
CADDY TRAY (L95SS),ENCLOSURE,ORICO,728.00
M.2 NVME ENCLOSURE TCM2-C3 BLUE,ENCLOSURE,ORICO,1624.00
M.2 NVME ENCLOSURE TCM2-C3 RED,ENCLOSURE,ORICO,1624.00
M.2 NVME ENCLOSURE M2PJ-C3 BLACK,ENCLOSURE,ORICO,1344.00
AC1200 WHOLE HOME MESH WIFI SYSTEM,ETHERNET,DECO,5376.00
(MW301R) 300MBPS WIRELESS N ROUTER,ETHERNET,MERCUSYS,716.80
(MS105) 5 PORT 10/100MBPS DESKTOP SWITCH,ETHERNET,MERCUSYS,504.00
(MS108) 8 PORT 10/100MBPS DESKTOP SWITCH,ETHERNET,MERCUSYS,560.00
(MS105G) 5 PORT GIGABIT 10/100/1000MBPS DESKTOP SWITCH,ETHERNET,MERCUSYS,806.40
(MS108G) 8 PORT GIGABIT 10/100/1000MBPS DESKTOP SWITCH,ETHERNET,MERCUSYS,1008.00
COMLINK RC-EZM100 METAL SHIELDED  per piece,ETHERNET,RJ45,11.20
N300 - F3 300MBPS WIRELESS ROUTER 3X5DBI,ETHERNET,TENDA,840.00
TEG1016M 16 PORT GIGABIT ETHERNET SWITCH,ETHERNET,TENDA,2800.00
CPE605 5GHz 150 Mbps 23dBi OUTDOOR CPE,ETHERNET,TP LINK,2508.80
AX6000 8-STREAM WIFI 6 ROUTER,ETHERNET,TP LINK,10752.00
ARCHER (AX12) AX1500 GIAGABIT WI-FI 6 ROUTER,ETHERNET,TP LINK,1848.00
16-PORT GIGABIT DESKTOP SWITCH HUB RACKMOUNT (TL-SG1016D),ETHERNET,TPLINK,3584.00
24 PORT (TL-SG1024D) SWITCH HUB,ETHERNET,TPLINK,4704.00
8 PORT (TL-SG1008D) GIGABIT SWITCH HUB,ETHERNET,TPLINK,1400.00
300MBPS N300 TL-WA855RE WIFI RANGE EXTENDER,ETHERNET,TPLINK,840.00
300MBPS TL-WR840N WIRELESS N ROUTER 2 FIXED ANTENNA,ETHERNET,TPLINK,918.40
AC1900 WIFI RANGE EXTENDER,ETHERNET,TPLINK,2128.00
OMADA 24 PORT GIGABIT L2 + MANAGED SWITCH WITH 4 10GE SFP + SLOTS (SG3428X),ETHERNET,TPLINK,13888.00
DUAL RING - RED,FAN,ADLINK,134.40
BLAZE FS -  BLACK,FAN,GSTORM,145.60
SLIM FRAME - GREEN,FAN,GSTORM,145.60
SLIM FRAME - ICED BLUE,FAN,GSTORM,145.60
NON-LED,FAN,GSTORM,89.60
OCTA BLAZE -  WHITE,FAN,GSTORM,145.60
FROST - RAINBOW,FAN,GSTORM,145.60
DIAMOND FAN - RGB,FAN,GSTORM,123.20
SLIM - PINK,FAN,GSTORM,168.00
DIAMOND FAN - ORANGE,FAN,GSTORM,123.20
DIAMOND FAN  PINK,FAN,GSTORM,123.20
DUAL RING - PURPLE,FAN,GSTORM,145.60
SLIM FRAME - ARGB BLACK,FAN,GSTORM,168.00
SEAVIEW TOWER X1-B SINGLE 6-pin FAN-EXTRA - BLACK,FAN,INPLAY,224.00
SEAVIEW FAN F1 SINGLE MINI 4-pin FAN-EXTRA - BLACK,FAN,INPLAY,224.00
SEAVIEW FAN F1 SINGLE MINI 4-pin FAN-EXTRA - WHITE,FAN,INPLAY,246.40
DUAL ECLIPSE 7 COLORS,FAN,INTELLIGENT,123.20
PRISM WHITE EXTRA FAN,FAN,KEYTECH,224.00
PRISM BLACK EXTRA FAN,FAN,KEYTECH,224.00
1290 RAINBOW - WHITE RING FRAME,FAN,YGT,145.60
FC120 3-IN-1 BLACK EXTRA FAN,FAN,DEEP COOL,761.60
DUAL RING - ICE BLUE,FAN,GSTORM,168.00
DUAL RING - RAINBOW,FAN,GSTORM,168.00
SLIM FRAME - WHITE,FAN,GSTORM,168.00
TORNADO - SINGLE WHITE,FAN,KEYTECH,134.40
DR12 PRO - 3-IN-1 KIT,FAN-KIT,DARKFLASH,1232.00
DARKFLASH DR12 PRO - SINGLE FAN,FAN-KIT,DARKFLASH,280.00
ICE TOWER - 3-IN-1 KIT,FAN-KIT,INPLAY,649.60
SEAVIEW TOWER X3-B - BLACK,FAN-KIT,INPLAY,840.00
ICE TOWER - ICE ONE (extra fan),FAN-KIT,INPLAY,201.60
SEAVIEW TOWER F3-BLACK 3IN1 ARGB MINI 4 PIN,FAN-KIT,INPLAY,750.40
SEAVIEW TOWER F3-WHITE 3IN1 ARGB MINI 4 PIN,FAN-KIT,INPLAY,772.80
PRISM WHITE,FAN-KIT,KEYTECH,772.80
PRISM BLACK,FAN-KIT,KEYTECH,750.40
SL INFINITY 120-3 WHITE COOLER,FAN-KIT,LIAN LI,6272.00
1250 ARGB - 3-IN-1 KIT,FAN-KIT,YGT,985.60
ARGB 3IN1 1255 - EXTRA FAN,FAN-KIT,YGT,224.00
FC120 3-IN-1 BLACK,FAN-KIT,DEEP COOL,2016.00
TORNADO - 3-IN-1 KIT WHITE,FAN-KIT,KEYTECH,728.00
C175 eco 3.2 GEN1 - 64GB,FLASH DRIVE,TEAM GROUP,504.00
CRUZER BLADE 64GB,FLASH DRIVE,SANDISK,504.00
CRUZER BLADE 128GB,FLASH DRIVE,SANDISK,616.00
CRUZER BLADE 32GB,FLASH DRIVE,SANDISK,392.00
GEFORCE RTX 3070 BATTLE AX 8GB,GPU,COLORFUL,31248.00
IGAME ULTRA RTX 4060 8GB GDDR6 (WHITE),GPU,COLORFUL,20720.00
GTX 1650EX PLUS - 1-CLICK OC 4GB DDR6 128BIT,GPU,GALAX,9072.00
RTX 4060 1-CLICK OC BLACK 2X V2 PCI-E -8GB,GPU,GALAX,19376.00
RTX 3060 1-CLICK OC BLK PCI-E 192BIT-PG190 12GB,GPU,GALAX,17696.00
RTX 3050 1-CLICK OC BLK PCI-E 96BIT 6GB,GPU,GALAX,11648.00
RX 6600 - 8GB GV-R66 EAGLE,GPU,GIGABYTE,14784.00
RX580 8GB / GDDR5 / 256BIT,GPU,RAMSTA,5824.00
RX550 4GB /GDDR5/128 BIT,GPU,RAMSTA,3696.00
RTX 4070 SUPER EAGLE OC 12GB,GPU,GIGABYTE,45718.40
VERTO RTX 4060 8GB DUAL FAN OC,GPU,PNY,18816.00
PULSE AMD RADEON RX 7800 XT GAMING 16GB GDDR6 DUAL HDMI/ DUAL DP LITE,GPU,SAPPHIRE,35616.00
RTX 4060 AERO OC 8GB VGA CARD 128BIT GDR6 WHITE TRIFAN,GPU,GIGABYTE,23128.00
RTX 4060TI AERO OC 16GB VGA CARD 128BIT GDR6 WHITE TRIFAN,GPU,GIGABYTE,34602.40
RTX 4060TI AERO OC 8GB VGA CARD 128BIT GDR6 WHITE TRIFAN,GPU,GIGABYTE,30968.00
3.5-inch SATA - 1TB,HDD,SEAGATE,2016.00
3.5-inch SATA - 2TB,HDD,SEAGATE,3864.00
3.5-inch SATA - 500GB,HDD,SEAGATE,952.00
3.5-inch SATA - 2TB,HDD,WD,3136.00
2000GB (USED),HDD (USED),SEAGATE,0.00
MY PASSPORT PORTABLE HDD 3.0 - 2TB,HDD PORTABLE,WD,4569.60
MY PASSPORT PORTABLE ULTRA - 1TB WHITE,HDD PORTABLE,WD,4032.00
AURA RGB2 - BLACK,HEADSET,BADWOLF,392.00
V8 - BLACK,HEADSET,BADWOLF,336.00
V8 - GREY,HEADSET,BADWOLF,336.00
AURA RGB1 - WHITE,HEADSET,BADWOLF,392.00
NINJA,HEADSET,BADWOLF,481.60
MONSTER 7.1 - ORANGE,HEADSET,BADWOLF,1097.60
MONSTER 7.1 - GREEN,HEADSET,BADWOLF,1097.60
CHIEF HG-13,HEADSET,FANTECH,879.20
HOF Maestro H1 7.1 Gaming Headset - black,HEADSET,GALAX,4424.00
GSTORM - H2 (BLACK),HEADSET,HP,207.20
HN620 NOISE CANCELLING,HEADSET,INPLAY,616.00
GSTORM - H2 (RED),HEADSET,KEYTECH,212.80
BOOMBER - BLACK,HEADSET,KEYTECH,336.00
BOOMBER - RED,HEADSET,KEYTECH,336.00
(H390 BLACK) USB WIRED,HEADSET,LOGITECH,2408.00
H110 STEREO HEADSET,HEADSET,LOGITECH,537.60
DH20 ARGB - BLACK,HEADSET,MSI,1064.00
ME-01,HEADSET,NEXION,504.00
BLACKWIRE C3220 USB-A/ USB-C BLACK/RED,HEADSET,POLY,2352.00
KAIRA HYPERSPEED PS5,HEADSET,RAZER,8881.60
KAIRA PRO HYPERSPEED PS5,HEADSET,RAZER,13160.00
(H888) LUCE TRI-MODE GAMING HDSET BLK,HEADSET,RED DRAGON,1624.00
(H320RGB-1) LAMIA 2 WITH STAND,HEADSET,RED DRAGON,1562.40
(H130) PELIAS - BLACK,HEADSET,REDRAGON,616.00
(H848G) IRE PRO - WHITE-GRAY,HEADSET,REDRAGON,2520.00
(H858) ARROW WIRED + 2.4G + BT - BLACK,HEADSET,REDRAGON,2744.00
MIRA (H868) WIRED + 2.4G + BT - BLACK,HEADSET,REDRAGON,2576.00
(H371W-RGB) HYLAS USB - WHITE,HEADSET,REDRAGON,1153.60
(H848) IRE PRO - BLACK,HEADSET,REDRAGON,2128.00
(H371-RGB) HYLAS USB - BLACK,HEADSET,REDRAGON,1064.00
(H260-W) HYLAS - WHITE,HEADSET,REDRAGON,1097.60
(H260RGB) HYLAS  - BLACK,HEADSET,REDRAGON,1064.00
(H270-P) MENTO - PINK,HEADSET,REDRAGON,1120.00
(H510-1) ZEUS V2 - BLACK,HEADSET,REDRAGON,2352.00
(H510-RGB V3) ZEUS X - BLACK,HEADSET,REDRAGON,2352.00
(H510W) ZEUS V2 - WHITE,HEADSET,REDRAGON,2408.00
(H261) CARMEN - BLACK,HEADSET,REDRAGON,1097.60
(H838 V2) NOMEN - BLACK (2.4GHZ) 7.1 surround sound,HEADSET,REDRAGON,2744.00
(H878WB) SKULD PRO WHITE-BLUE,HEADSET,REDRAGON,2016.00
(H878WG) SKULD PRO WHITE-GRAY,HEADSET,REDRAGON,2016.00
HT106 3.5 BLACK,HEADSET,LECOO,0.00
10-11 GEN,HEATSINK FAN,INTEL,0.00
10-11 GEN,HEATSINK FAN,INTEL,0.00
COMBO,KB | MOUSE,A4TECH,616.00
WK-895 GO POP BLUE COMBO WIRELESS KB/M,KB | MOUSE,FANTECH,851.20
WK-895 GO POP BEIGE COMBO WIRELESS KB/M,KB | MOUSE,FANTECH,851.20
GK78 WITH GM78,KB | MOUSE,GUNDAM,1624.00
HP KM100 COMBO USB,KB | MOUSE,HP,470.40
STX360 RGB - BLACK,KB | MOUSE,INPLAY,336.00
STX200 RGB - WHITE,KB | MOUSE,INPLAY,313.60
STX365-B BUNDLE Rainbow Light - Black Grey Mix,KB | MOUSE,INPLAY,448.00
STX380 BUNDLE White grey,KB | MOUSE,INVISION,616.00
RGB KB/M,KB | MOUSE,MMA,291.20
MECHANICAL COMBO USB GK-680 - WHITE,KB | MOUSE,NEXION,1008.00
MECHANICAL COMBO USB GK-680 - BLACK,KB | MOUSE,NEXION,1008.00
MECHANICAL COMBO USB GK-660 BLACK,KB | MOUSE,NEXION,952.00
TF100 WIRELESS KB & MOUSE SET,KB | MOUSE,TWOLF,672.00
KB BADWOLF TKL BW-87,KB ONLY,BADWOLF,784.00
GD68 - BROWN SUGAR K. YELLOW,KB ONLY,DARKFLASH,2240.00
GD68 - STARRY BLUE K. YELLOW,KB ONLY,DARKFLASH,2240.00
ATOM 81 MECH KB RED SWITCH - MIZU EDITION,KB ONLY,FANTECH,1512.00
ATOM 104 MECH KB BLACK,KB ONLY,FANTECH,1512.00
ATOM 104 MECH KB GREY SUMI EDITION BLUE SWITCH,KB ONLY,FANTECH,1512.00
ATOM 96 MECH KB NAVY BLUE MIZU EDITION BLUE SWITCH,KB ONLY,FANTECH,1624.00
ATOM 96 MECH KB SKY BLUE MIZU EDITION BLUE SWITCH,KB ONLY,FANTECH,1624.00
FIGHTER III K614L,KB ONLY,FANTECH,840.00
SHIKARI BLACK K515,KB ONLY,FANTECH,504.00
K120 KB,KB ONLY,LOGITECH,560.00
G30 - (WHITE),KB ONLY,ONIKUMA,1680.00
(K514-RGB) NAGATO BLACK,KB ONLY,RED DRAGON,1064.00
KUMARA (K552RGB-2) - BLACK,KB ONLY,REDRAGON,2072.00
KUMARA (K552W-RGB-1) WHITE,KB ONLY,REDRAGON,2184.00
(K551RGB-1) V2 MITRA BLUE SWITCH,KB ONLY,REDRAGON,2296.00
GLORIA PRO  (K664WBP-RGB-PRO) RD CUSTOMIZE SWITCH,KB ONLY,REDRAGON,3248.00
FIDD MAGNETIC (K683WB-RGB),KB ONLY,REDRAGON,3584.00
RK61 BROWN SWITCH  - WHITE,KB ONLY,ROYAL KLUDGE,2492.00
VIGOR GK50Z V2 (BLACK),KB ONLY,MSI,1736.00
VIGOR GK50Z V2 (WHITE),KB ONLY,MSI,1736.00
ATOM 104 MECH KB GREY SUMI EDITION RED SWITCH,KB ONLY,FANTECH,1512.00
ATOM 96 MECH KB NAVY BLUE MIZU EDITION RED SWITCH,KB ONLY,FANTECH,1590.40
ATOM 96 MECH KB SKY BLUE MIZU EDITION RED SWITCH,KB ONLY,FANTECH,1590.40
COMBO (S107-1) 3IN1,KBM 3-IN-1,RED DRAGON,1400.00
P31 HERO BUNDLE,KBM 4-IN-1,FANTECH,840.00
P51B POWER BUNDLE SET BLACK,KBM 4-IN-1,FANTECH,1736.00
P51W POWER BUNDLE SET WHITE,KBM 4-IN-1,FANTECH,1848.00
P51P POWER BUNDLE SET PINK,KBM 4-IN-1,FANTECH,1848.00
KTX260 WHITE,KBM 4-IN-1,KEYTECH,638.40
(CP-06) BLACK,KBM 4-IN-1,NEXION,1624.00
(CPW-08) WHITE,KBM 4-IN-1,NEXION,1624.00
CAT6 OUT DOOR BOX 305m PURE COPPER 0.55mm,LAN CABLE,COMLINK,7280.00
CAT6 INDOOR BOX 305m,LAN CABLE,COMLINK,1792.00
CAT6 OUTDOOR BOX 305m,LAN CABLE,COMLINK,2128.00
CAT6 OUT DOOR BOX 305m,LAN CABLE,KEYTECH,2016.00
CAT6 INDOOR BOX 305m,LAN CABLE,KEYTECH,2016.00
CAT6 INDOOR BOX 305m,LAN CABLE,NEUTRON,1736.00
CAT6 OUT DOOR BOX 305m,LAN CABLE,NEUTRON,2184.00
CAT6 INDOOR BOX 305m,LAN CABLE,NEUTRON,2128.00
"TMP214-53-59N1 I5-1135G7 WIN 11 8GB UP TO 32GB. 512GB NVME, 14"" WITH BAG",LAPTOP,ACER,0.00
65W ES III UNIVERSAL NTBK ADAPTER,LAPTOP CHARGER,HUNTKEY,1428.00
90W MINI II UNIVERSAL NTBK ADAPTER,LAPTOP CHARGER,HUNTKEY,1736.00
LATTITUDE 3490 I5-7TH GEN,LAPTOP-USED,DELL,11760.00
PROBOOK 440 G3 - I7-6TH GEN,LAPTOP-USED,HP,12878.88
HARMAN PARTYBOX WIRELESS MIC BLACK 20H,MIC,JBL,6496.00
MICRO SD NO ADAPTER 16GB,MICRO SD,TEAM GROUP,313.60
MICRO SDXC WITH ADAPTER 128GB,MICRO SD,TEAM GROUP,784.00
MICRO SDXC WITH ADAPTER 256GB,MICRO SD,TEAM GROUP,1344.00
MICRO SDHC WITH ADAPTER 32GB,MICRO SD,TEAM GROUP,336.00
MICRO SDXC WITH ADAPTER 64GB,MICRO SD,TEAM GROUP,470.40
H510M HVS,MOBO,ASROCK,3897.60
B550M STEEL LEGEND,MOBO,ASROCK,9520.00
A520M K,MOBO,ASUS PRIME,4144.00
B450MHP DDR4/3200 AM4,MOBO,BIOSTAR,3192.00
B550M DS3H,MOBO,GIGABYTE,5992.00
B550M DS3H AC,MOBO,GIGABYTE,7056.00
B550M-K,MOBO,GIGABYTE,5264.00
H510M-K-V2,MOBO,GIGABYTE,4144.00
A320,MOBO,MMA,2867.20
H510M B PRO,MOBO,MSI,3920.00
AORUS B550M ELITE DVI/HDMI RGB FUSION MATX,MOBO,GIGABYTE,7224.00
B550M-ITX/AC,MOBO,ASROCK,9464.00
"24-INCH 180Hz - 24G11E IPS 23.8""",MONITOR,AOC,7896.00
27-INCH 180Hz - 27G42E IPS ADAPTIVE SYNC,MONITOR,AOC,9800.00
"GAMING VY249HGR 120HZ 23.8""",MONITOR,ASUS,5824.00
GAMING VG3A SERIES VG249Q3A (24-inch) 180Hz,MONITOR,ASUS TUF,10192.00
GAMING VG3A SERIES VG27AQ3A (27-inch) 180hz,MONITOR,ASUS TUF,15904.00
GAMING VG3A SERIES VG34VQL3A (34-inch) 180hz,MONITOR,ASUS TUF,20496.00
24-INCH 75Hz - PR-01 FHD VA,MONITOR,GALAX,5936.00
24-INCH 165Hz VENUS HD24IFW IPS,MONITOR,GAMDIAS,7504.00
24-INCH 180Hz ATLAS HD24C II,MONITOR,GAMDIAS,6720.00
27-INCH 165Hz VENUS HD27IFW IPS,MONITOR,GAMDIAS,8008.00
27-INCH 192Hz ATLAS 27F21,MONITOR,GAMDIAS,8960.00
24-INCH 100Hz N2455-B blackIPS,MONITOR,INVISION,3864.00
24-INCH 100Hz N2455-W whiteIPS,MONITOR,INVISION,4200.00
24-INCH 180hz EG24S1-PRO Gaming Monitor - black,MONITOR,INVISION,5824.00
24-INCH 180hz EG24SW-PRO Gaming Monitor - white,MONITOR,INVISION,5936.00
27-INCH 100Hz N2755 PRO-B blackIPS,MONITOR,INVISION,5432.00
27-INCH 100Hz N2755 PRO-W whiteIPS,MONITOR,INVISION,5544.00
32-INCH 165Hz ES32G2 FHD RGB BC Curved,MONITOR,INVISION,10080.00
25-INCH 100Hz N2510-B black VA FRAMELSS,MONITOR,INVISION,3864.00
32-INCH 180Hz ES32G1 FHD RGB BC Curved,MONITOR,INVISION,10416.00
27-INCH 180HZ/ 200HZ EG27F1-PRO GAMING MONITOR FLAT BLACK,MONITOR,INVISION,6832.00
25-INCH 100Hz N2510-W white VA FRAMELSS,MONITOR,INVISION,3920.00
24-INCH 100Hz N2410-B black VA FRAMELSS,MONITOR,INVISION,3584.00
24-INCH 100Hz N2410-W white VA FRAMELSS,MONITOR,INVISION,3640.00
"PRO MP223 22-inch , 100Hz",MONITOR,MSI,5040.00
24.5-INCH MP251 PRO IPS 100HZ BLACK,MONITOR,MSI,5712.00
25-INCH 180hz MAG 256F,MONITOR,MSI,7448.00
27-INCH 180HZ MAG27CQCF,MONITOR,MSI,16016.00
"G32C4X 250HZ CURVED BLACK 32""",MONITOR,MSI,17024.00
19-INCH 60hz,MONITOR,OVATION,1792.00
"MG-24HI DP 23.8"" 165HZ IPS GA,ING MONITOR RGB LIGHT 1920*1080 HDMI+DP+TYPE C+AUDIO DP FLUSH OUT",MONITOR,VIEWPLUS,3584.00
"MG-27KI-DP 27"" IPS PANEL 165HZ 2560*1440 QHD 1MS DEAD PIXEL",MONITOR,VIEWPLUS,4704.00
"MH-20-DP 19.5"" 75HZ LED 1 HDMI 1 VGA DP FLUSH OUT",MONITOR,VIEWPLUS,1456.00
"MH-246 23.8"" FLAT LCD",MONITOR,VIEWPLUS,3416.00
"ML-27S DP 27"" FLAT 1920*1080 @ 100HZ VA PANEL 1 HDMI+1 VGA+1 AUDIO OUT DP FLUSH OUT",MONITOR,VIEWPLUS,4312.00
"MM-25HI 24.5"" FHD 1920*1080 165HZ IPS IO PORTS DC+HDMI+DP+AUDIO OUT",MONITOR,VIEWPLUS,2744.00
"MM-29D 75HZ DP 29"" ULTRAWIDE 75HZ HDMI 2+DP 1+AUDIO DP FLUSH OUT",MONITOR,VIEWPLUS,6160.00
"MM-30CQ 30"" WFHD 2580*1080 200HZ DC+HDMI 2+DP 2+AUDIO",MONITOR,VIEWPLUS,8064.00
"MS-19 19"" LED",MONITOR,VIEWPLUS,1232.00
"MX-22-DP 24.45"" 75HZ FLAT DP FLUSH OUT",MONITOR,VIEWPLUS,1736.00
"MX-24C 23.8"" 75HZ CURED R1500 VGA+HDMI+AUDIO",MONITOR,VIEWPLUS,3584.00
"MX-27CH DP 27"" CURVED GAMING 165HZ FULL HD W/ AUDIO DEAD PIXEL",MONITOR,VIEWPLUS,4424.00
"MX-27HI DP 27"" GAMING 165HZ FULL HD W/ AUDIO OUTPUT DEAD PIXEL",MONITOR,VIEWPLUS,4368.00
"24-INCH 180Hz FHD-2418 PRO SEMI CURVED, VA PANEL, 2MS, 1920X1080, LED, BLACK",MONITOR,VIEWPOINT,5152.00
"24-INCH 180Hz FHD-2418 PRO SEMI CURVED, VA PANEL, 2MS, 1920X1080, LED, WHITE",MONITOR,VIEWPOINT,5152.00
27-INCH 165Hz FHD-2718S SEMI CURVED BLACK,MONITOR,VIEWPOINT,6272.00
27-INCH 165Hz FHD-2718S SEMI CURVED WHITE,MONITOR,VIEWPOINT,6272.00
27-INCH 180Hz FHD-2718S pro SEMI CURVED BLACK,MONITOR,VIEWPOINT,6048.00
27-INCH 180Hz FHD-2718S pro SEMI CURVED WHITE,MONITOR,VIEWPOINT,6272.00
27-INCH 75Hz FHD-27S2 WHITE,MONITOR,VIEWPOINT,4928.00
34-INCH K34WQC SEMI CURVED 165HZ (BLACK),MONITOR,VIEWPOINT,10752.00
25-INCH 100HZ VP25K100 IPS BLACK,MONITOR,VIEWPOINT,4144.00
22-INCH VP22PIS 75HZ IPS PANEL BLK,MONITOR,VIEWPOINT,3304.00
27-INCH 180Hz VP2718F pro BLACK,MONITOR,VIEWPOINT,6048.00
27-INCH 180HZ K27HQC BLACK,MONITOR,VIEWPOINT,6104.00
27-INCH 180HZ K27HQC WHITE,MONITOR,VIEWPOINT,6104.00
24-INCH 100HZ FHD-24K1S SEMI CURVED BLACK,MONITOR,VIEWPOINT,4032.00
"25-INCH VX2479A-HD-PRO 24"" LCD MONITOR",MONITOR,VIEWSONIC,8064.00
19-INCH LED 60Hz TN19HD LED,MONITOR,YGT,2016.00
20-INCH LED 60Hz TN20HD LED,MONITOR,YGT,2072.00
21.5-INCH TN21.5FHD-GD LED,MONITOR,YGT,2184.00
24-INCH LED TN23.8FHD-GD,MONITOR,YGT,2520.00
24-INCH LED TN24FHD-GD,MONITOR,YGT,2520.00
27-INCH LED TN27FHD-GD,MONITOR,YGT,2968.00
24-INCH 200Hz ATLAS HD24IF III IPS FHD,MONITOR,GAMDIAS,6440.00
27-INCH 200Hz ATLAS 27F21 II IPS,MONITOR,GAMDIAS,8568.00
24-INCH 200Hz VENUS HD24IFW II IPS FHD,MONITOR,GAMDIAS,6664.00
G255F 180HZ 1MS IPS,MONITOR,MSI,7728.00
"PRO MP225V 21.45"" 1920 X 1080 FHD 100HZ",MONITOR,MSI,4474.40
"NB-F160 - DUAL MONITOR ARM 17""-27"" 2-9kg",MOUNT,NORTH BAYOU,2408.00
"NB-F80 SINGLE DESKMOUNT 17""-30"" 2-9kg",MOUNT,NORTH BAYOU,1288.00
"G45 NB SINGLE DESKMOUNT 22""-40"" 2-12kg",MOUNT,NORTH BAYOU,1657.60
"H100 NB SINGLE DESKMOUNT 17""-30"" 2-9kg",MOUNT,NORTH BAYOU,1288.00
"H180 NB DUAL DESKMOUNT 17""-27"" 2-9kg",MOUNT,NORTH BAYOU,2464.00
VX9 KANATA BLACK,MOUSE,FANTECH,268.80
VX9S KANATA S BLACK,MOUSE,FANTECH,515.20
VX9S KANATA S WHITE,MOUSE,FANTECH,515.20
VX9S KANATA S PINK,MOUSE,FANTECH,515.20
WG-9S KANATA S WIRELESS BLACK,MOUSE,FANTECH,1176.00
W609 GO WIRELESS BLACK,MOUSE,FANTECH,302.40
W609 GO WIRELESS WHITE,MOUSE,FANTECH,302.40
RAIGOR III BLACK WIRELESS,MOUSE,FANTECH,560.00
RAIGOR III BEIGE WIRELESS,MOUSE,FANTECH,560.00
VIPER V2 PRO BLACK MOUSE,MOUSE,RAZER,8624.00
COBRA BLACK (M711-2),MOUSE,REDRAGON,1176.00
COBRA WHITE (M711W-1),MOUSE,REDRAGON,1288.00
GAINER (M610) black,MOUSE,REDRAGON,560.00
GRIFFIN (M607) black,MOUSE,REDRAGON,952.00
MIRAGE (M690) black,MOUSE,REDRAGON,840.00
PHASER (M609) black,MOUSE,REDRAGON,560.00
PREDATOR (M612-RGB) black,MOUSE,REDRAGON,840.00
RANGER LITE (M910-KS) black WIRELESS,MOUSE,REDRAGON,1400.00
STORM (M808W-RGB) white,MOUSE,REDRAGON,1232.00
COBRA WHITE-PINK (M711WP),MOUSE,REDRAGON,1288.00
BOMBER (M722) red,MOUSE,REDRAGON,952.00
GENERIC MOUSE,MOUSE,VERSATIL,168.00
TRIDENT MOUSE WIRELESS BLACK (M693-RGB),MOUSE,REDRAGON,1456.00
PETMALU V3 BLACK,MOUSE,BADWOLF,319.20
STORM (M808-RGB) black,MOUSE,REDRAGON,1008.00
WG-9S KANATA S WIRELESS YELLOW,MOUSE,FANTECH,1120.00
W195R GO COMFY GREY  WIRELESS OFFICE ERGONOMIC MOUSE,MOUSE,FANTECH,862.40
W195R GO COMFY WHITE  WIRELESS OFFICE ERGONOMIC MOUSE,MOUSE,FANTECH,862.40
VIGIL (MEDIUM),MOUSE PAD,FANTECH,280.00
SMALL 21252,MOUSE PAD,GENERIC,28.00
SMALL BLACK,MOUSE PAD,INPLAY,28.00
SMALL WHITE GRAY,MOUSE PAD,INPLAY,28.00
RGB,MOUSE PAD,RASURE,448.00
POWER SWITCH,OTHERS,BADWOLF,392.00
WALL MOUNT,OTHERS,GENERIC MMA,89.60
UNIVERSAL COIN SLOT,OTHERS,KEYTECH,504.00
LAPTOP STAND FP-2 FITS DISPLAY 10 to 17 INCH,OTHERS,NORTH BAYOU,952.00
1 BLACK,OTHERS,TREZOR,6720.00
BLOWER 800W,OTHERS,UPSPIRIT,896.00
1250 HUB AND REMOTE,OTHERS,YGT,280.00
CRIMPING TOOL,OTHERS,EZ,616.00
WIRELESS HDMI TRANSMITTER AND RECIEVER BLACK,OTHERS,VENTION,5936.00
POWER SWITCHES DOUBLE SIDED WITH HDMI,OTHERS,BADWOLF,392.00
BATTERY 200,OTHERS,JBL,3358.88
ULTRA 1 GREY,PORTABLE FAN,JISULIFE,4142.88
LIFE5 PLUS 4000MAH,PORTABLE FAN,JISULIFE,840.00
SZM404-4 POWER SURGE 4 SOCKETS 1.5M 210 JOULES,POWER SURGE,HUNTKEY,492.80
SZM401-4 EXTENSION CORD 4 SOCKETS 1.5M,POWER SURGE,HUNTKEY,280.00
SZM304-4 POWER STRIP 3 SOCKETS 1.5M 210 JOULES,POWER SURGE,HUNTKEY,392.00
SZN607 POWER SURGE 5 SOCKETS 3M 2 USB PORTS (2.4 AMP COMBINED) 210 JOULES,POWER SURGE,HUNTKEY,840.00
SZM604-4 POWER STRIP 6 SOCKETS 2M 375 JOULES,POWER SURGE,HUNTKEY,728.00
SZM804-4 POWER STRIP 8 SOCKETS 2M 660 JOULES,POWER SURGE,HUNTKEY,784.00
PZC504-4 POWER STRIP 5 SOCKETS W/ IND SWITCH 2M 375 JOULES,POWER SURGE,HUNTKEY,873.60
3in1 PRINTER G2010,PRINTER,CANON,8848.00
PRINTER L121,PRINTER,EPSON,6154.40
PRINTER L3210,PRINTER,EPSON,9632.00
PRINTER L3250,PRINTER,EPSON,11312.00
PRINTER L5290 MFP WIFI INTEGRATED INKTANK,PRINTER,EPSON,14896.00
PRINTER DCP-T430W  8CHA4300121,PRINTER,BROTHER,10024.00
PRINTER DCP-T730W 8CHA4700121,PRINTER,BROTHER,15232.00
PRINTER LX-310 IMPACT PRINTER,PRINTER,EPSON,14224.00
INK 003  MAGENTA,PRINTER INK,EPSON,369.60
INK 003  BLUE,PRINTER INK,EPSON,369.60
INK 003 YELLOW,PRINTER INK,EPSON,369.60
INK 003  BLACK,PRINTER INK,EPSON,392.00
RAMSTA RS-A88MP FM2/FM2+ 4P 2*DDR3 - RED ATHLON ORIG HSF,PRO & MOBO - AMD,A8 7680,2520.00
WHALEKOM B450MV1 - AMD FAN RYZEN,PRO & MOBO - AMD,ATHLON 200GE,4872.00
WHALEKOM B450MV1 - AMD FAN RYZEN,PRO & MOBO - AMD,ATHLON 3000G,5712.00
WHALEKOM B450MV1 - AMD FAN RYZEN,PRO & MOBO - AMD,ATHLON 300GE,5824.00
ASUS A520M-K - ASF,PRO & MOBO - AMD,R3 3200G (TRAY),7448.00
GIGABYTE A520M-K-V2 - ASF,PRO & MOBO - AMD,R3 3200G (TRAY),7056.00
OVA TWISTER B450M MATX MOBO,PRO & MOBO - AMD,R5 3400G (OVA BOX KIT),6888.00
BIOSTAR B450MHP -ASF,PRO & MOBO - AMD,R5 3400G (tray),7280.00
ASROCK B450M-HDV R4.0 - ASF,PRO & MOBO - AMD,R5 3400G (tray),7952.00
OVA TWISTER B450M MATX MOBO - ASF,PRO & MOBO - AMD,R5 3400G (tray),6888.00
WHALEKOM B450MV1 - AMD FAN RYZEN,PRO & MOBO - AMD,R5 3400G,6776.00
MSI A320M-A PRO - ASF,PRO & MOBO - AMD,R5 3600 (tray),10640.00
ASUS PRIME A520M K - AMD SF,PRO & MOBO - AMD,R5 4650G (tray),9072.00
GIGABYTE B550M-DS3H AC - ASF,PRO & MOBO - AMD,R5 4650G (tray),14448.00
ASUS A520M-K - ASF,PRO & MOBO - AMD,R5 4655G (TRAY),9296.00
GIGABYTE A520M-K-V2 - ASF,PRO & MOBO - AMD,R5 4655G (TRAY),9408.00
ASUS PRIME A520M K - AMD FAN,PRO & MOBO - AMD,R5 5600 (tray),9072.00
GIGABYTE A520M-K-V2 - ASF,PRO & MOBO - AMD,R5 5600 (TRAY),9184.00
GIGABYTE B550M DS3H - ASF,PRO & MOBO - AMD,R5 5600 (tray),11648.00
ASUS PRIME A520M K - ASF,PRO & MOBO - AMD,R5 5600G (tray),11200.00
BIOSTAR B450MHP - ASF,PRO & MOBO - AMD,R5 5600G (tray),10528.00
GIGABYTE B550M DS3H - ASF,PRO & MOBO - AMD,R5 5600G (tray),13104.00
WHALEKOM B450MV1 - AMD SF,PRO & MOBO - AMD,R5 5600G (tray),10192.00
OVA TWISTER B450M MATX MOBO,PRO & MOBO - AMD,R5 5600GT (OVA BOX KIT),10192.00
ASUS PRIME A520M K - ASF,PRO & MOBO - AMD,R5 5600GT (tray),10808.00
BIOSTAR A520MH 3.1 - ASF,PRO & MOBO - AMD,R5 5600GT (tray),10360.00
GIGABYTE A520M-K-V2 - ASF,PRO & MOBO - AMD,R5 5600GT (TRAY),10864.00
GIGABYTE B550M DS3H - ASF,PRO & MOBO - AMD,R5 5600GT (tray),12936.00
MSI B450M A PRO MAX - ASF,PRO & MOBO - AMD,R5 5600GT (tray),0.00
OVA TWISTER B450M MATX MOBO - ASF,PRO & MOBO - AMD,R5 5600GT (tray),10192.00
RAMSTA R5-B450MP AM4 MOBO MATX 4P 2*DDR4 - AMD SF,PRO & MOBO - AMD,R5 5600GT (tray),9673.44
WHALEKOM B450MV1 - AMD FAN RYZEN,PRO & MOBO - AMD,R5 5600GT (tray),9912.00
ASROCK B450M-HDV R4.0 - ASF,PRO & MOBO - AMD,R5 5600X (tray),9273.60
GIGABYTE B550M DS3H - ASF,PRO & MOBO - AMD,R5 5600X (tray),12544.00
GIGABYTE B550M-K - ASF,PRO & MOBO - AMD,R5 5600X (tray),0.00
GIGABYTE B5650M DH3P AM5 DDR5,PRO & MOBO - AMD,R5 7500F (TRAY) 6 CORES 12 THREADS 3.9 GHZ 65W AM5 CPU,18704.00
ASROCK B550M PRO4 - ASF,PRO & MOBO - AMD,R7 5700G (tray),15568.00
ASUS PRIME A520M K - AMD SF,PRO & MOBO - AMD,R7 5700G (tray),11872.00
GIGABYTE B550M-DS3H - ASF,PRO & MOBO - AMD,R7 5700G (tray),15120.00
BIOSTAR A520MH 3.1 - ASF,PRO & MOBO - AMD,R7 5700X (tray),11424.00
GIGABYTE B550M DS3H - ASF,PRO & MOBO - AMD,R7 5700X (tray),12992.00
GIGABYTE B550M DS3H AC WIFI - ASF,PRO & MOBO - AMD,R7 5700X (tray),15232.00
MSI B550M PRO VDH WIFI,PRO & MOBO - AMD,R7 5800x (BOX),22176.00
BIOSTAR B450MH DDR4/ 3200 AM4 (NO HSF),PRO & MOBO - AMD,R5 2400G (tray),6720.00
BIOSTAR B450MH DDR4/ 3200 AM4- AMD FAN,PRO & MOBO - AMD,R5 2400G (tray),7616.00
ASROCK B550M PRO SE - AMD SF,PRO & MOBO - AMD,R5 5600 (tray),11424.00
ASROCK H510M H2 M.2 SE,PRO & MOBO - INTEL,i3-10105 (tray),9184.00
MSI PRO H610M-S DDR4,PRO & MOBO - INTEL,I3-12100 (BOX),10808.00
ASROCK H610M-HVS/M.2- CL2913,PRO & MOBO - INTEL,i3-12100 (TRAY),10640.00
ASROCK H510M H2 M.2 SE,PRO & MOBO - INTEL,i5-10400 (BOX),11312.00
ASROCK H510M H2 M.2 SE - ISF,PRO & MOBO - INTEL,i5-10400 (TRAY),11424.00
ASROCK H510M H2 M2 SE - ISF,PRO & MOBO - INTEL,i5-11400 (tray),11312.00
ASUS PRIME H510M-K R2.0 - ISF,PRO & MOBO - INTEL,i5-11400 (tray),11984.00
MSI PRO H610M-S DDR4,PRO & MOBO - INTEL,I5-12400 (BOX),12208.00
ASROCK H610M-HVS/M.2,PRO & MOBO - INTEL,I5-12400 (BOX),12208.00
ASROCK H610M-HVS/M2 - ISF 12TH GEN,PRO & MOBO - INTEL,i5-13400 (tray),16352.00
MSI PRO H610M-E - CL2913,PRO & MOBO - INTEL,i7-12700 (tray),20160.00
MSI PRO H610M-S DDR4 - 12TH GEN ISF,PRO & MOBO - INTEL,i7-12700 (tray),19264.00
ASROCK H610M-HVS/M2 - 12TH GEN ISF,PRO & MOBO - INTEL,i7-12700 (tray),19152.00
MSI PRO Z790-A WIFI DDR4,PRO & MOBO - INTEL,I5-12400 (BOX),0.00
ASROCK B550M PRO RS WIFI,PRO & MOBO - NO COOLER,R7 7700X,34048.00
R3 3200G (TRAY) WITH HEATSINK FAN,PROCIE ONLY,AMD,3886.40
R5 5600G (TRAY) WITH HEATSINK FAN,PROCIE ONLY,AMD,7840.00
R5 5600GT (TRAY) WITH HEATSINK FAN,PROCIE ONLY,AMD,7537.60
R5 5600X (box) WITH WRAITH STEALTH COOLER,PROCIE ONLY,AMD,9475.20
R5 5600X (TRAY) WITH HEATSINK FAN,PROCIE ONLY,AMD,7056.00
R5 7600X (TRAY) WITH HEATSINK FAN,PROCIE ONLY,AMD,12432.00
R7 4750G (TRAY) WITH HEATSINK FAN,PROCIE ONLY,AMD,8792.00
R7 5700G (TRAY) WITH HEATSINK FAN,PROCIE ONLY,AMD,9968.00
R7 5700X (TRAY) WITH HEATSINK FAN,PROCIE ONLY,AMD,9184.00
R7 5800X (TRAY) WITH HEATSINK FAN,PROCIE ONLY,AMD,13384.00
i7-11700 (plastic blister) + ISF,PROCIE ONLY,INTEL,15120.00
R7 5700X3D 8 CORE 16 THREADS 3.0/4.1 GHZ AM4 W/OUT COOLER,PROCIE ONLY,AMD,0.00
R5 5600X (TRAY) NO COOLER,PROCIE ONLY,AMD,6272.00
AK-400  400WATTS SEMI- RATED,PSU,INPLAY,616.00
AC550 550W 80+ BRONZE,PSU - TR,ACER,1848.00
AC650 650W 80+ BRONZE,PSU - TR,ACER,2486.40
AC1000 1000W 80+ GOLD,PSU - TR,ACER,3136.00
MWE 80+ BRONZE V3 750watts,PSU - TR,COOLER MASTER,4368.00
MWE 80+ BRONZE V3 650watts,PSU - TR,COOLER MASTER,3920.00
MWE 80+ GOLD V2 FM 850watts,PSU - TR,COOLER MASTER,7616.00
CX550 80+ BRONZE 550watts,PSU - TR,CORSAIR,3192.00
CX650 80+ BRONZE 650watts,PSU - TR,CORSAIR,3920.00
CV750 80+ BRONZE 750watts,PSU - TR,CORSAIR,4132.80
RM750E 80+ GOLD FULLY MODULAR 750watts,PSU - TR,CORSAIR,7728.00
RM850E 80+ GOLD FULLY MODULAR 850watts,PSU - TR,CORSAIR,8344.00
DE-600 v2 600watts,PSU - TR,DEEP COOL,2296.00
BTS-550 BRONZE 550WATTS,PSU - TR,KEYTECH,1209.60
BTS-650 BRONZE 650WATTS,PSU - TR,KEYTECH,1456.00
BTS-750 BRONZE 750WATTS,PSU - TR,KEYTECH,1736.00
(GC-PS014W/RGPS-650SFX) 80+ GOLD FULL MOD (white) 650watts,PSU - TR,REDRAGON,6272.00
RGPS-700W 80+ BRONZE FULL MODULAR,PSU - TR,REDRAGON,4368.00
P550SS SILVER WHITE (ICE),PSU - TR,GIGABYTE,2576.00
P550SS SILVER,PSU - TR,GIGABYTE,2520.00
GS550 ULTRA BLACK ATX POWERSUPPLY 550W 80+ BRONZE RGB,PSU - TR,INPLAY,1288.00
GS650 ULTRA BLACK ATX POWERSUPPLY 650W 80+ BRONZE RGB,PSU - TR,INPLAY,1512.00
CX750 80+ BRONZE 750watts,PSU - TR,CORSAIR,4032.00
MXT-800 LONG FLAT CABLE BLACK 800watts,PSU GENERIC,CVS,504.00
VP700L,PSU GENERIC,KEYTECH,504.00
THUNDERBOLT 800watts,PSU GENERIC,KEYTECH,504.00
TOP ONE-2 KY-700 ATX 700watts,PSU GENERIC,YGT,504.00
DDR4 4gb,RAM 2666mhz,SKIHOTAR,784.00
DDR4 8GB - RGB,RAM 3200MHZ,KINGSPEC,1512.00
FURY BEAST DDR4 16gb (single stick),RAM 3200MHZ,KINGSTON,1624.00
FAYE DDR4 16GB (2X8GB) 3200 NON RGB w/ HS,RAM 3200MHZ,NEO FORZA,1848.00
DDR4 8GB,RAM 3200MHZ,SKIHOTAR,1288.00
PLUS GOLD DDR4  8GB,RAM 3200MHZ,TEAM ELITE,952.00
Delta RGB DDR4 16gb-kit (2x8gb) black,RAM 3200MHZ,TFORCE,3136.00
Delta RGB DDR4 16gb-kit (2x8gb) white,RAM 3200MHZ,TFORCE,3136.00
Delta RGB DDR4 32gb-kit (2x16gb) black,RAM 3200MHZ,TFORCE,4368.00
Delta RGB DDR4 32gb-kit (2x16gb) white,RAM 3200MHZ,TFORCE,4368.00
FURY BEAST DDR4 8gb,RAM 3200MHZ,KINGSTON,952.00
DDR4 DARKZA 16GB (2x8gb),RAM 3600MHZ,TFORCE,2688.00
Delta RGB DDR4 16gb kit (2x8gb) black,RAM 3600MHZ,TFORCE,3360.00
Delta RGB DDR4 16gb kit (2x8gb) white,RAM 3600MHZ,TFORCE,3360.00
Delta RGB DDR4 32gb kit (2x16gb) black,RAM 3600MHZ,TFORCE,4480.00
Delta RGB DDR4 32gb kit (2x16gb) white,RAM 3600MHZ,TFORCE,4480.00
Delta RGB DDR4 (SINGLE STICK) 32gb white,RAM 3600MHZ,TFORCE,5376.00
ARES RGB DDR4 32GB KIT (2X16GB) BLACK,RAM 3600MHZ,LEXAR,4760.00
FURY BEAST DDR5 16gb (single stick),RAM 5200MHZ,KINGSTON,3584.00
Delta RGB DDR5 BLACK 32GB (2X16GB),RAM 5200MHZ,TFORCE,7168.00
Delta RGB DDR5 WHITE 32GB (2X16GB),RAM 5200MHZ,TFORCE,7168.00
Delta RGB DDR5 32GB (2X16GB) black,RAM 5600MHZ,TFORCE,7168.00
Delta RGB DDR5 32GB (2X16GB) white,RAM 5600MHZ,TFORCE,7168.00
TRIDENT Z5 NEO RGB 2X16GB BLK DDR5,RAM 6000MHZ,GSKILL,8120.00
Delta RGB DDR5 BLACK 32GB (2X16GB),RAM 6400MHZ,TFORCE,7784.00
1600MHZ 8gb,RAM DDR3,KINGSTON,705.60
1600MHZ 8gb,RAM DDR3,ST MAGIC,560.00
1600MHZ 8gb,RAM DDR3,STMAGIC,0.00
SODIMM-DDR3 1600MHZ 4gb,RAM SODIMM,KINGSPEC,840.00
SODIMM-DDR4 3200MHZ 8gb,RAM SODIMM,LEXAR,1232.00
SODIMM-DDR4 3200MHZ 8gb,RAM SODIMM,NEO FORZA,1344.00
SODIMM-DDR3 1600MHZ 4gb,RAM SODIMM,SKIHOTAR,840.00
SODIMM-DDR3 1600MHZ 8gb,RAM SODIMM,STORM,840.00
ELITE DDR4 3200MHZ 16gb,RAM SODIMM,TEAM GROUP,2296.00
ELITE DDR4 3200MHZ 32gb,RAM SODIMM,TEAM GROUP,3920.00
ELITE DDR5 5600MHZ 16gb,RAM SODIMM,TEAM GROUP,3080.00
MODULE EXTENSION CABLE (WHITE),SLEEVES,JUNGLE LEOPARD,728.00
R400 R600 EXTENSION / SLEEVES LED,SLEEVES,MMA,1064.00
2021 - PRO KEY,SOFTWARES,MS OFFICE PROFESSIONAL PLUS,2128.00
2021,SOFTWARES,MS OFFICE PROFESSIONAL PLUS,2352.00
PRO COA STICKER,SOFTWARES,WINDOWS 10,896.00
CD envelope,SOFTWARES,WINDOWS 10,1120.00
PRO COA STICKER,SOFTWARES,WINDOWS 11,1120.00
FPP (BOX TYPE),SOFTWARES,WINDOWS 11,0.00
CD - envelope,SOFTWARES,WINDOWS 11 pro,1120.00
VENTION VAB-S17-B USB SOUND CARD,SOUND CARD,VENTION,392.00
PEBBLES SE BLACK,SPEAKER,CREATIVE,1400.00
PEBBLES SE WHITE,SPEAKER,CREATIVE,1400.00
PEBBLE PLUS,SPEAKER,CREATIVE,2800.00
PEBBLE X,SPEAKER,CREATIVE,5768.00
PA100 WITH MIC,SPEAKER,F&D,7616.00
DHE 60035,SPEAKER,HP,1120.00
BTS02 BLUETOOTH,SPEAKER,HP,537.60
CLIP 5,SPEAKER,JBL,3360.00
ENCORE ESSENTIAL (NO MIC),SPEAKER,JBL,14336.00
ENCORE WITH 2 MICS,SPEAKER,JBL,20160.00
FLIP 6,SPEAKER,JBL,6104.00
GO 4,SPEAKER,JBL,2576.00
HARMAN PARTYBOX 1000 BLACK,SPEAKER,JBL,51520.00
HARMAN PARTYBOX 120 CLUB AS BLACK,SPEAKER,JBL,19600.00
HARMAN PARTYBOX 120 CLUB AS WHITE,SPEAKER,JBL,20720.00
HARMAN PARTYBOX 310  STAGE AS BLACK,SPEAKER,JBL,24864.00
HARMAN PARTYBOX 320  STAGE AS BLACK,SPEAKER,JBL,30800.00
HARMAN PARTYBOX 320  STAGE AS WHITE,SPEAKER,JBL,31920.00
HARMAN PARTYBOX 710 AS BLACK,SPEAKER,JBL,38640.00
HARMAN PARTYBOX OTG ESSENTIAL,SPEAKER,JBL,20160.00
HARMAN PARTYBOX ULTIMATE,SPEAKER,JBL,0.00
HARMAN SPINNER BT BLACK,SPEAKER,JBL,0.00
DS103 BLACK,SPEAKER,LECOO,1456.00
DS123 WIRED DESKTOP BLACK,SPEAKER,LECOO,425.60
M1407 WHITE RGB,SPEAKER,MMA,414.40
M1407 BLACK RGB,SPEAKER,MMA,392.00
(GS550) ORPHEUS,SPEAKER,RED DRAGON,1008.00
(GS817) SURGE FROSTBITE SOUND BAR BLACK,SPEAKER,RED DRAGON,2576.00
(GS580) CALLIOPE BLACK,SPEAKER,RED DRAGON,873.60
(GS570) DARKNETS BLACK,SPEAKER,RED DRAGON,1400.00
(GS512) DORA BLACK,SPEAKER,RED DRAGON,1512.00
MS001 black,SPEAKER MINI,INPLAY,280.00
MS003 black RGB,SPEAKER MINI,INPLAY,537.60
MS006 black RGB,SPEAKER MINI,INPLAY,425.60
MS246 black RGB,SPEAKER MINI,INPLAY,336.00
MS280 black - RGB bluetooth,SPEAKER MINI,INPLAY,649.60
AS350 SATAIII 512GB,SSD 2.5-inch,APACER,1960.00
120GB,SSD 2.5-inch,KINGMAX,806.40
480GB,SSD 2.5-inch,KINGMAX,1904.00
240GB,SSD 2.5-inch,KINGSTON,1176.00
120GB,SSD 2.5-inch,KINGSTON,896.00
NS10 LITE 120GB,SSD 2.5-inch,LEXAR,873.60
NS100 2TB,SSD 2.5-inch,LEXAR,6272.00
120gb,SSD 2.5-inch,STORM,672.00
240gb,SSD 2.5-inch,STORM,1008.00
GX2 1TB,SSD 2.5-inch,TEAM GROUP,3752.00
GX2 256gb,SSD 2.5-inch,TEAM GROUP,1288.00
GX2 512gb,SSD 2.5-inch,TEAM GROUP,2128.00
VULCAN Z 1TB,SSD 2.5-inch,TFORCE,3640.00
WKSA-128GB,SSD 2.5-inch,WHALEKOM,761.60
WKSA-512GB,SSD 2.5-inch,WHALEKOM,1736.00
WKSA-1TB,SSD 2.5-inch,WHALEKOM,3360.00
WKSA-256GB,SSD 2.5-inch,WHALEKOM,929.60
VULCAN Z 512GB,SSD 2.5-inch,TFORCE,2184.00
R600 MS30 128gb,SSD M.2,TEAM GROUP,1097.60
NM790 1TB GEN4,SSD NVME,LEXAR,5488.00
NM620 256GB,SSD NVME,LEXAR,1848.00
970 EVO PLUS 1tb,SSD NVME,SAMSUNG,7112.00
MP33 128gb,SSD NVME,TEAM GROUP,1568.00
MP33 256gb,SSD NVME,TEAM GROUP,1394.40
MP33 512gb,SSD NVME,TEAM GROUP,2128.00
MP33 PRO 512gb,SSD NVME,TEAM GROUP,2576.00
MP33 1tb,SSD NVME,TEAM GROUP,3864.00
MP33 PRO 2TB,SSD NVME,TEAM GROUP,7224.00
MP33 PRO 1TB,SSD NVME,TEAM GROUP,4368.00
M2 2280 CARDEA Z44L PCI-E GEN 4X4 250GB,SSD NVME,TFORCE,2016.00
256GB (2280),SSD NVME,WHALEKOM,1187.20
NV3 PCIe 4.0 1TB,SSD NVME,KINGSTON,3696.00
M2 PCIE 3X4 256GB,SSD NVME,APACER,1568.00
MP44L PCI-E GEN 4 2TB,SSD NVME,TEAM GROUP,7084.00
PD1000 USB3.2 GEN2X1 512GB,SSD PORTABLE,TEAM GROUP,3584.00
GT01 GAMING TABLE BLACK,TABLE,KEYTECH,3920.00
GT01 GAMING TABLE WHITE,TABLE,KEYTECH,3920.00
Z3 - 1.5g,THERMAL,DEEP COOL,3920.00
Z5 - 3g,THERMAL,DEEP COOL,224.00
Z4 - 2g,THERMAL,DEEP COOL,201.60
Z10 - 5g,THERMAL,DEEP COOL,280.00
BIG,THERMAL,GENERIC,89.60
SMALL,THERMAL,GENERIC,33.60
1G Thermal Paste,THERMAL,KRYONAUT,448.00
G40 - 4g,THERMAL,DEEP COOL,392.00
FLAT SMART TV TX55 4K 60HZ HDMI*3 USB*2 BT WIFI RJ45,TV,VIEWPLUS,20160.00
1000VA 600W 4XUS SOCKETS LED INDICATORS,UPS,AWP,2520.00
650VA,UPS,ETONIX,1736.00
1000VA,UPS,SECURE,2576.00
1500VA,UPS,SECURE,3584.00
2000VA,UPS,SECURE,4704.00
3000VA,UPS,SECURE,5824.00
650VA,UPS,SECURE,1848.00
5000VA,UPS,SECURE,9520.00
LAPTOP (USED) FUJITSU I5-6TH GEN 8GB 128GB with FREE WIFI DONGLE,USED,FUJITSU,7280.00
PK-910H 1080P,WEBCAM,A4TECH,1288.00
IRIS M1 STREAMING,WEBCAM,GAMDIAS,2072.00
C1080P PRO FHD DIGITAL CAMERA 1080P BLK,WEBCAM,INPLAY,638.40
720P,WEBCAM,YGT,280.00
USB BLUETOOTH DONGLE  BL-WN500BT,WIFI DONGLE,LB LINK,280.00
NO ANTENNA,WIFI DONGLE,LBLINK,201.60
WITH ANTENNA BL-WN155A,WIFI DONGLE,LBLINK,392.00
AC1300M (BL-WDN1300A) WLESS DUAL BAND USB ADAPTER WITH ANTENNA,WIFI DONGLE,LBLINK,750.40
ARCHER T2U PLUS AC600,WIFI DONGLE,TP LINK,896.00
ARCHER T2U AC600 mini wireless usb adapter,WIFI DONGLE,TP LINK,784.00
ARCHER T3U NANO AC1300,WIFI DONGLE,TP LINK,1108.80
ARCHER TX10UB NANO AX900,WIFI DONGLE,TP LINK,851.20
WORK STATION (BOARD/FRAME) BLK GAMING DESK WS-414-4B,WORKSTATION,FANTECH,10640.00
R7 5700X (TRAY) NO COOLER,PROCIE ONLY,AMD,0.00
B450MV1,MOBO,WHALEKOM,0.00
A520MHP,MOBO,BIOSTAR,0.00
XPG SPECTRIX D50 RGB 16GB /2X8GB) DDR4 3200 WITH GREY HEATSINK,RAM 3200MHZ,ADATA,0.00
LANCER BLADE RGB (2x16gb) 32gb-kit DDR5 white,RAM 6000MHZ,ADATA XPG,0.00
K480 MULTIDV BT KB WHITE,KB ONLY,LOGITECH,0.00
COLORFUL CVN B650M GAMING FROZEN V14 (WHITE),PRO & MOBO - AMD,R5 7600 (BOX),0.00
RX 6600 CHALLENGER 8GB WHITE,GPU,ASROCK,0.00
(H270-rgb) MENTO - BLACK,HEADSET,REDRAGON,0.00
RX 7600XT GAMING OC 16GB,GPU,GIGABYTE,0.00
VISOR - WHITE (TEMPERED GLASS),CASE GAMING,KEYTECH,0.00
24-INCH 100HZ FHD-24K1S SEMI CURVED WHITE,MONITOR,VIEWPOINT,0.00
"S43MD 43"" FHD SMART ANDROID TV",TV,NVISION,0.00
cancelled,EXTRAS,WR,0.00
no parts purchased,EXTRAS,BUILD,1120.00
ordinary,EXTRAS,BUILD,224.00
plug&play,EXTRAS,BUILD,560.00
