Warranty,Category,BRAND,DETAILS, ,VAT-EX (SPCL),VAT-EX (RESELLER),VAT-INC (SRP),CURRENT BUL stocks,image_url
10MOS,AIO,DEEPCOOL,LIQUID COOLER AIO - ARGB LE520 WHITE,AIO - DEEPCOOL LIQUID COOLER AIO - ARGB LE520 WHITE,"₱3,400","₱3,380.00","₱3,808.00",1,/images/components/cooler/DEEPCOOL LIQUID COOLER AIO - ARGB LE520 WHITE.png
10MOS,AIO,DEEPCOOL,LIQUID COOLER AIO - LS520 SE DIGITAL BLACK,AIO - DEEPCOOL LIQUID COOLER AIO - LS520 SE DIGITAL BLACK,"₱4,400","₱4,380.00","₱4,928.00",1,/images/components/cooler/DEEPCOOL LIQUID COOLER AIO - LS520 SE DIGITAL BLACK.png
10MOS,AIO,DEEPCOOL,LIQUID COOLER AIO - LS520 SE DIGITAL WHITE,AIO - DEEPCOOL LIQUID COOLER AIO - LS520 SE DIGITAL WHITE,"₱4,700","₱4,680.00","₱5,264.00",1,/images/components/cooler/DEEPCOOL LIQUID COOLER AIO - LS520 SE DIGITAL WHITE.png
10MOS,AIO,DEEPCOOL,LIQUID COOLER AIO - LT520 BLACK,AIO - DEEPCOOL LIQUID COOLER AIO - LT520 BLACK,"₱4,650","₱4,630.00","₱5,208.00",1,/images/components/cooler/DEEPCOOL LIQUID COOLER AIO - LT520 BLACK.png
10MOS,AIO,DEEPCOOL,LIQUID COOLER AIO - LT520 WHITE,AIO - DEEPCOOL LIQUID COOLER AIO - LT520 WHITE,"₱4,750","₱4,730.00","₱5,320.00",1,/images/components/cooler/DEEPCOOL LIQUID COOLER AIO - LT520 WHITE.png
10MOS,AIO,THERMALRIGHT,LIQUID COOLER FROZEN WARFRAME 240 ARGB BLACK,AIO - THERMALRIGHT LIQUID COOLER FROZEN WARFRAME 240 ARGB BLACK,"₱4,000","₱3,980.00","₱4,480.00",1,/images/components/cooler/THERMALRIGHT LIQUID COOLER FROZEN WARFRAME 240 ARGB BLACK.png
10MOS,AIO,YGT,LIQUID COOLER AIO - DF-120 PINK,AIO - YGT LIQUID COOLER AIO - DF-120 PINK,"₱1,650","₱1,630.00","₱1,848.00",0,/images/components/cooler/YGT LIQUID COOLER AIO - DF-120 PINK.png
10MOS,AIO,YGT,LIQUID COOLER AIO - DF-120 WHITE,AIO - YGT LIQUID COOLER AIO - DF-120 WHITE,"₱1,650","₱1,630.00","₱1,848.00",1,/images/components/cooler/YGT LIQUID COOLER AIO - DF-120 WHITE.png
10MOS,AIO,OVATION,HURRICANE 240 BLACK TEMP,AIO - OVATION HURRICANE 240 BLACK TEMP,"₱2,815","₱2,765.00","₱3,152.80",1,/images/components/cooler/OVATION HURRICANE 240 BLACK TEMP.png
10MOS,AIO,OVATION,HURRICANE 240 WHITE TEMP,AIO - OVATION HURRICANE 240 WHITE TEMP,"₱2,920","₱2,900.00","₱3,270.40",1,/images/components/cooler/OVATION HURRICANE 240 WHITE TEMP.png
10MOS,AIO,JUNGLE LEOPARD,ASTROSHEL 240 DIGITAL (WHITE),AIO - JUNGLE LEOPARD ASTROSHEL 240 DIGITAL (WHITE),"₱3,550","₱3,500.00","₱3,976.00",0,/images/components/cooler/JUNGLE LEOPARD ASTROSHEL 240 DIGITAL (WHITE).png
10MOS,AIO,JUNGLE LEOPARD,ASTROSHEL 240 DIGITAL (BLACK),AIO - JUNGLE LEOPARD ASTROSHEL 240 DIGITAL (BLACK),"₱3,450","₱3,400.00","₱3,864.00",0,/images/components/cooler/JUNGLE LEOPARD ASTROSHEL 240 DIGITAL (BLACK).png
10MOS,AIO,JUNGLE LEOPARD,ASTROBEAT 240 DIGITAL (WHITE),AIO - JUNGLE LEOPARD ASTROBEAT 240 DIGITAL (WHITE),"₱2,850","₱2,800.00","₱3,192.00",1,/images/components/cooler/JUNGLE LEOPARD ASTROBEAT 240 DIGITAL (WHITE).png
10MOS,AIO,JUNGLE LEOPARD,ASTROBEAT 240 DIGITAL (BLACK),AIO - JUNGLE LEOPARD ASTROBEAT 240 DIGITAL (BLACK),"₱2,750","₱2,700.00","₱3,080.00",1,/images/components/cooler/JUNGLE LEOPARD ASTROBEAT 240 DIGITAL (BLACK).png
10MOS,AIO,JUNGLE LEOPARD,ASTROSHEL 360 DIGITAL (BLACK),AIO - JUNGLE LEOPARD ASTROSHEL 360 DIGITAL (BLACK),"₱4,500","₱4,480.00","₱5,040.00",1,/images/components/cooler/JUNGLE LEOPARD ASTROSHEL 360 DIGITAL (BLACK).png
10MOS,AIO,JUNGLE LEOPARD,ASTROSHEL 360 DIGITAL (WHITE),AIO - JUNGLE LEOPARD ASTROSHEL 360 DIGITAL (WHITE),"₱4,600","₱4,580.00","₱5,152.00",0,/images/components/cooler/JUNGLE LEOPARD ASTROSHEL 360 DIGITAL (WHITE).png
10MOS,AIO,DEEPCOOL,MYSTIQUE 240 5TH GEN LIQUID COOLER WITH LCD SCREEN (BLACK),AIO - DEEPCOOL MYSTIQUE 240 5TH GEN LIQUID COOLER WITH LCD SCREEN (BLACK),"₱6,800","₱6,780.00","₱7,616.00",0,/images/components/cooler/DEEPCOOL MYSTIQUE 240 5TH GEN LIQUID COOLER WITH LCD SCREEN (BLACK).png
10MOS,AIO,DEEPCOOL,MYSTIQUE 360 5TH GEN LIQUID COOLER WITH LCD SCREEN (WHITE),AIO - DEEPCOOL MYSTIQUE 360 5TH GEN LIQUID COOLER WITH LCD SCREEN (WHITE),"₱8,300","₱8,280.00","₱9,296.00",0,/images/components/cooler/DEEPCOOL MYSTIQUE 360 5TH GEN LIQUID COOLER WITH LCD SCREEN (WHITE).png
10MOS,AIO,DEEPCOOL,MYSTIQUE 240 ARGB 5TH GEN ARGB LIQUID COOLER WITH LCD SCREEN (BLACK),AIO - DEEPCOOL MYSTIQUE 240 ARGB 5TH GEN ARGB LIQUID COOLER WITH LCD SCREEN (BLACK),"₱6,800","₱6,780.00","₱7,616.00",1,/images/components/cooler/DEEPCOOL MYSTIQUE 240 ARGB 5TH GEN ARGB LIQUID COOLER WITH LCD SCREEN (BLACK).png
10MOS,AIO,DEEPCOOL,MYSTIQUE 240 ARGB 5TH GEN ARGB LIQUID COOLER WITH LCD SCREEN (WHITE),AIO - DEEPCOOL MYSTIQUE 240 ARGB 5TH GEN ARGB LIQUID COOLER WITH LCD SCREEN (WHITE),"₱6,700","₱6,680.00","₱7,504.00",0,/images/components/cooler/DEEPCOOL MYSTIQUE 240 ARGB 5TH GEN ARGB LIQUID COOLER WITH LCD SCREEN (WHITE).png
10MOS,AIO,DEEPCOOL,MYSTIQUE 360 ARGB 5TH GEN ARGB LIQUID COOLER WITH LCD SCREEN (BLACK),AIO - DEEPCOOL MYSTIQUE 360 ARGB 5TH GEN ARGB LIQUID COOLER WITH LCD SCREEN (BLACK),"₱8,300","₱8,280.00","₱9,296.00",0,/images/components/cooler/DEEPCOOL MYSTIQUE 360 ARGB 5TH GEN ARGB LIQUID COOLER WITH LCD SCREEN (BLACK).png
10MOS,AIO,THERMALRIGHT,LIQUID COOLER FROZEN WARFRAME 240 ARGB WHITE,AIO - THERMALRIGHT LIQUID COOLER FROZEN WARFRAME 240 ARGB WHITE,"₱4,100","₱4,080.00","₱4,592.00",0,/images/components/cooler/THERMALRIGHT LIQUID COOLER FROZEN WARFRAME 240 ARGB WHITE.png
1WK,CASE GAMING,ACER,V920 - BLACK,CASE GAMING - ACER V920 - BLACK,"₱1,800","₱1,770.00","₱2,016.00",0,/images/components/case gaming/ACER V920 - BLACK.png
1WK,CASE GAMING,ACER,V920 - WHITE,CASE GAMING - ACER V920 - WHITE,"₱1,900","₱1,870.00","₱2,128.00",1,/images/components/case gaming/ACER V920 - WHITE.png
1WK,CASE GAMING,ACER,V950 - BLACK,CASE GAMING - ACER V950 - BLACK,"₱2,800","₱2,770.00","₱3,136.00",1,/images/components/case gaming/ACER V950 - BLACK.png
1WK,CASE GAMING,ACER,V950 - WHITE,CASE GAMING - ACER V950 - WHITE,"₱2,900","₱2,870.00","₱3,248.00",0,/images/components/case gaming/ACER V950 - WHITE.png
1WK,CASE GAMING,COOLMAN,HARLEY - BLACK,CASE GAMING - COOLMAN HARLEY - BLACK,"₱1,300","₱1,270.00","₱1,456.00",0,/images/components/case gaming/COOLMAN HARLEY - BLACK.png
1WK,CASE GAMING,COOLMAN,REYNA M-ATX - BLACK,CASE GAMING - COOLMAN REYNA M-ATX - BLACK,"₱1,550","₱1,520.00","₱1,736.00",0,/images/components/case gaming/COOLMAN REYNA M-ATX - BLACK.png
1WK,CASE GAMING,COOLMAN,RUBY with 3fans  - WHITE,CASE GAMING - COOLMAN RUBY with 3fans  - WHITE,"₱2,100","₱2,070.00","₱2,352.00",0,/images/components/case gaming/COOLMAN RUBY with 3fans  - WHITE.png
1WK,CASE GAMING,DARKFLASH ,DK351 with 4 ARGB Fans  - WHITE,CASE GAMING - DARKFLASH  DK351 with 4 ARGB Fans  - WHITE,"₱2,400","₱2,370.00","₱2,688.00",0,/images/components/case gaming/DARKFLASH DK351 with 4 ARGB Fans  - WHITE.png
1WK,CASE GAMING,DARKFLASH ,DLH21 - BLACK,CASE GAMING - DARKFLASH  DLH21 - BLACK,"₱3,750","₱3,720.00","₱4,200.00",0,/images/components/case gaming/DARKFLASH DLH21 - BLACK.png
1WK,CASE GAMING,DARKFLASH ,DLM21 MESH - WHITE,CASE GAMING - DARKFLASH  DLM21 MESH - WHITE,"₱2,350","₱2,320.00","₱2,632.00",2,/images/components/case gaming/DARKFLASH DLM21 MESH - WHITE.png
1WK,CASE GAMING,DARKFLASH ,DLX22 - WHITE,CASE GAMING - DARKFLASH  DLX22 - WHITE,"₱3,700","₱3,680.00","₱4,144.00",0,/images/components/case gaming/DARKFLASH DLX22 - WHITE.png
1WK,CASE GAMING,DEEP COOL,CC360 ARGB WHITE,CASE GAMING - DEEP COOL CC360 ARGB WHITE,"₱2,750","₱2,730.00","₱3,080.00",0,/images/components/case gaming/DEEP COOL CC360 ARGB WHITE.png
1WK,CASE GAMING,DEEP COOL,CH160 BLACK ITX,CASE GAMING - DEEP COOL CH160 BLACK ITX,"₱2,950","₱2,950.00","₱3,304.00",0,/images/components/case gaming/DEEP COOL CH160 BLACK ITX.png
1WK,CASE GAMING,GAMDIAS,TALOS E3 MESH  - BLACK,CASE GAMING - GAMDIAS TALOS E3 MESH  - BLACK,"₱2,550","₱2,520.00","₱2,856.00",0,/images/components/case gaming/GAMDIAS TALOS E3 MESH  - BLACK.png
1WK,CASE GAMING,GAMDIAS,TALOS E3 MESH  - WHITE,CASE GAMING - GAMDIAS TALOS E3 MESH  - WHITE,"₱2,700","₱2,670.00","₱3,024.00",0,/images/components/case gaming/GAMDIAS TALOS E3 MESH  - WHITE.png
1WK,CASE GAMING,INPLAY,METEOR 3 /  ICE DRILL 1 - BLACK,CASE GAMING - INPLAY METEOR 3 /  ICE DRILL 1 - BLACK,"₱1,150","₱1,120.00","₱1,288.00",1,/images/components/case gaming/INPLAY METEOR 3 /  ICE DRILL 1 - BLACK.png
1WK,CASE GAMING,INPLAY,METEOR 3 /  ICE DRILL 1 - WHITE,CASE GAMING - INPLAY METEOR 3 /  ICE DRILL 1 - WHITE,"₱1,200","₱1,170.00","₱1,344.00",3,/images/components/case gaming/INPLAY METEOR 3 /  ICE DRILL 1 - WHITE.png
1WK,CASE GAMING,KEYTECH ,ARMOR - WHITE,CASE GAMING - KEYTECH  ARMOR - WHITE,"₱1,400","₱1,350.00","₱1,568.00",0,/images/components/case gaming/KEYTECH ARMOR - WHITE.png
1WK,CASE GAMING,KEYTECH,CUIRASS  - BLACK,CASE GAMING - KEYTECH CUIRASS  - BLACK,"₱1,350","₱1,320.00","₱1,512.00",2,/images/components/case gaming/KEYTECH CUIRASS  - BLACK.png
1WK,CASE GAMING,KEYTECH,CUIRASS  - WHITE,CASE GAMING - KEYTECH CUIRASS  - WHITE,"₱1,400","₱1,370.00","₱1,568.00",1,/images/components/case gaming/KEYTECH CUIRASS  - WHITE.png
1WK,CASE GAMING,KEYTECH,CYBORG CASE - DEMON SLAYER,CASE GAMING - KEYTECH CYBORG CASE - DEMON SLAYER,"₱2,450","₱2,420.00","₱2,744.00",0,/images/components/case gaming/KEYTECH CYBORG CASE - DEMON SLAYER.png
1WK,CASE GAMING,KEYTECH,CYBORG CASE - DRAGONBALL,CASE GAMING - KEYTECH CYBORG CASE - DRAGONBALL,"₱2,450","₱2,420.00","₱2,744.00",4,/images/components/case gaming/KEYTECH CYBORG CASE - DRAGONBALL.png
1WK,CASE GAMING,KEYTECH,CYBORG CASE - ONE PIECE WHITE W/6 PCS LED FAN,CASE GAMING - KEYTECH CYBORG CASE - ONE PIECE WHITE W/6 PCS LED FAN,"₱2,600","₱2,550.00","₱2,912.00",0,/images/components/case gaming/KEYTECH CYBORG CASE - ONE PIECE WHITE W/6 PCS LED FAN.png
1WK,CASE GAMING,KEYTECH,CYBORG CASE - ROG BLACK W/6 PCS LED FAN,CASE GAMING - KEYTECH CYBORG CASE - ROG BLACK W/6 PCS LED FAN,"₱2,350","₱2,400.00","₱2,632.00",2,/images/components/case gaming/KEYTECH CYBORG CASE - ROG BLACK W/6 PCS LED FAN.png
1WK,CASE GAMING,KEYTECH,CYBORG CASE - ROG WHITE W/6 PCS LED FAN,CASE GAMING - KEYTECH CYBORG CASE - ROG WHITE W/6 PCS LED FAN,"₱2,450","₱2,430.00","₱2,744.00",2,/images/components/case gaming/KEYTECH CYBORG CASE - ROG WHITE W/6 PCS LED FAN.png
1WK,CASE GAMING,KEYTECH,CYBORG CASE - VENOM,CASE GAMING - KEYTECH CYBORG CASE - VENOM,"₱2,450","₱2,420.00","₱2,744.00",1,/images/components/case gaming/KEYTECH CYBORG CASE - VENOM.png
1WK,CASE GAMING,KEYTECH,HEXA CASE - BLACK,CASE GAMING - KEYTECH HEXA CASE - BLACK,"₱1,350","₱1,320.00","₱1,512.00",1,/images/components/case gaming/KEYTECH HEXA CASE - BLACK.png
1WK,CASE GAMING,KEYTECH,HEXA CASE - WHITE,CASE GAMING - KEYTECH HEXA CASE - WHITE,"₱1,400","₱1,370.00","₱1,568.00",0,/images/components/case gaming/KEYTECH HEXA CASE - WHITE.png
1WK,CASE GAMING,KEYTECH,ROBIN CUBE BLACK,CASE GAMING - KEYTECH ROBIN CUBE BLACK,"₱1,450","₱1,400.00","₱1,624.00",0,/images/components/case gaming/KEYTECH ROBIN CUBE BLACK.png
1WK,CASE GAMING,KEYTECH,ROBIN CUBE WHITE,CASE GAMING - KEYTECH ROBIN CUBE WHITE,"₱1,500","₱1,450.00","₱1,680.00",0,/images/components/case gaming/KEYTECH ROBIN CUBE WHITE.png
1WK,CASE GAMING,KEYTECH,ROBIN QUAD GUNDAM (WHITE),CASE GAMING - KEYTECH ROBIN QUAD GUNDAM (WHITE),"₱1,380","₱1,350.00","₱1,545.60",2,/images/components/case gaming/KEYTECH ROBIN QUAD GUNDAM (WHITE).png
1WK,CASE GAMING,KEYTECH,ROBIN QUAD ONE PIECE (WHITE),CASE GAMING - KEYTECH ROBIN QUAD ONE PIECE (WHITE),"₱1,380","₱1,350.00","₱1,545.60",0,/images/components/case gaming/KEYTECH ROBIN QUAD ONE PIECE (WHITE).png
1WK,CASE GAMING,KEYTECH,ROBIN SE BLACK,CASE GAMING - KEYTECH ROBIN SE BLACK,"₱2,100","₱2,050.00","₱2,352.00",1,/images/components/case gaming/KEYTECH ROBIN SE BLACK.png
1WK,CASE GAMING,KEYTECH,ROBIN SE WHITE,CASE GAMING - KEYTECH ROBIN SE WHITE,"₱2,200","₱2,150.00","₱2,464.00",0,/images/components/case gaming/KEYTECH ROBIN SE WHITE.png
1WK,CASE GAMING,KEYTECH,T1000 - BLACK (case only),CASE GAMING - KEYTECH T1000 - BLACK (case only),"₱1,150","₱1,130.00","₱1,288.00",1,/images/components/case gaming/KEYTECH T1000 - BLACK (case only).png
1WK,CASE GAMING,KEYTECH,T1000 - WHITE (case only),CASE GAMING - KEYTECH T1000 - WHITE (case only),"₱1,250","₱1,230.00","₱1,400.00",0,/images/components/case gaming/KEYTECH T1000 - WHITE (case only).png
1WK,CASE GAMING,KEYTECH,T5000 BLACK,CASE GAMING - KEYTECH T5000 BLACK,"₱1,200","₱1,180.00","₱1,344.00",2,/images/components/case gaming/KEYTECH T5000 BLACK.png
1WK,CASE GAMING,KEYTECH,T5000 WHITE,CASE GAMING - KEYTECH T5000 WHITE,"₱1,250","₱1,230.00","₱1,400.00",3,/images/components/case gaming/KEYTECH T5000 WHITE.png
1WK,CASE GAMING,KEYTECH,T600 - WHITE,CASE GAMING - KEYTECH T600 - WHITE,"₱1,250","₱1,220.00","₱1,400.00",0,/images/components/case gaming/KEYTECH T600 - WHITE.png
1WK,CASE GAMING,KEYTECH,VISOR - BLACK (MESH),CASE GAMING - KEYTECH VISOR - BLACK (MESH),"₱1,350","₱1,320.00","₱1,512.00",1,/images/components/case gaming/KEYTECH VISOR - BLACK (MESH).png
1WK,CASE GAMING,KEYTECH,VISOR - WHITE (MESH),CASE GAMING - KEYTECH VISOR - WHITE (MESH),"₱1,400","₱1,370.00","₱1,568.00",0,/images/components/case gaming/KEYTECH VISOR - WHITE (MESH).png
1WK,CASE GAMING,MMA,AK99 - white,CASE GAMING - MMA AK99 - white,"₱2,500","₱2,450.00","₱2,800.00",0,/images/components/case gaming/MMA AK99 - white.png
1WK,CASE GAMING,MMA,SR89 BLACK,CASE GAMING - MMA SR89 BLACK,₱950,₱900.00,"₱1,064.00",0,/images/components/case gaming/MMA SR89 BLACK.png
1WK,CASE GAMING,MMA,SR89 WHITE,CASE GAMING - MMA SR89 WHITE,"₱1,050","₱1,000.00","₱1,176.00",5,/images/components/case gaming/MMA SR89 WHITE.png
1WK,CASE GAMING,NZXT,H5 FLOW - WHITE,CASE GAMING - NZXT H5 FLOW - WHITE,"₱6,100","₱6,070.00","₱6,832.00",0,/images/components/case gaming/NZXT H5 FLOW - WHITE.png
1WK,CASE GAMING,YGT,B708 - BLACK,CASE GAMING - YGT B708 - BLACK,"₱1,250","₱1,220.00","₱1,400.00",2,/images/components/case gaming/YGT B708 - BLACK.png
1WK,CASE GAMING,YGT,B708 - WHITE,CASE GAMING - YGT B708 - WHITE,"₱1,250","₱1,220.00","₱1,400.00",2,/images/components/case gaming/YGT B708 - WHITE.png
1WK,CASE GAMING,YGT,B709 - BLACK,CASE GAMING - YGT B709 - BLACK,"₱1,250","₱1,220.00","₱1,400.00",1,/images/components/case gaming/YGT B709 - BLACK.png
1WK,CASE GAMING,YGT,B709 - WHITE,CASE GAMING - YGT B709 - WHITE,"₱1,300","₱1,270.00","₱1,456.00",2,/images/components/case gaming/YGT B709 - WHITE.png
1WK,CASE GAMING,YGT,N195 BLACK,CASE GAMING - YGT N195 BLACK,₱950,₱930.00,"₱1,064.00",3,/images/components/case gaming/YGT N195 BLACK.png
1WK,CASE GAMING,YGT,N195 WHITE,CASE GAMING - YGT N195 WHITE,"₱1,050","₱1,030.00","₱1,176.00",4,/images/components/case gaming/YGT N195 WHITE.png
1WK,CASE GAMING,DARK FLASH,WD200 BLACK (WOOD EDITION),CASE GAMING - DARK FLASH WD200 BLACK (WOOD EDITION),"₱2,450","₱2,430.00","₱2,744.00",0,/images/components/case gaming/DARK FLASH WD200 BLACK (WOOD EDITION).png
1WK,CASE GAMING,DEEP COOL,CH260 BLACK,CASE GAMING - DEEP COOL CH260 BLACK,,-₱20.00,₱0.00,0,/images/components/case gaming/DEEP COOL CH260 BLACK.png
1WK,CASE GAMING,WJ COOLMAN,ROBIN CURVED MINI DGT (BLACK),CASE GAMING - WJ COOLMAN ROBIN CURVED MINI DGT (BLACK),"₱2,100","₱2,070.00","₱2,352.00",0,/images/components/case gaming/WJ COOLMAN ROBIN CURVED MINI DGT (BLACK).png
1WK,CASE GENERIC,INPLAY,INPLAY WIND 01 CASE,CASE GENERIC - INPLAY INPLAY WIND 01 CASE,₱600,₱580.00,₱672.00,2,/images/components/case generic/INPLAY INPLAY WIND 01 CASE.png
1WK,CASE GENERIC,INPLAY,LITE CASE - X220-B0 CASE ONLY WITH 2 RGB FANS BLK,CASE GENERIC - INPLAY LITE CASE - X220-B0 CASE ONLY WITH 2 RGB FANS BLK,₱560,₱550.00,₱627.20,0,/images/components/case generic/INPLAY LITE CASE - X220-B0 CASE ONLY WITH 2 RGB FANS BLK.png
1WK,CASE GENERIC,INPLAY,LITE CASE - X220-B0 CASE ONLY WITH 2 RGB FANS WHT,CASE GENERIC - INPLAY LITE CASE - X220-B0 CASE ONLY WITH 2 RGB FANS WHT,₱600,₱590.00,₱672.00,1,/images/components/case generic/INPLAY LITE CASE - X220-B0 CASE ONLY WITH 2 RGB FANS WHT.png
1WK,CASE GENERIC,INPLAY,LITE CASE - X220-G250 CASE WITH 2 RGB FANS BUILT IN GP2508 PSU BLACK,CASE GENERIC - INPLAY LITE CASE - X220-G250 CASE WITH 2 RGB FANS BUILT IN GP2508 PSU BLACK,"₱1,100","₱1,000.00","₱1,232.00",1,/images/components/case generic/INPLAY LITE CASE - X220-G250 CASE WITH 2 RGB FANS BUILT IN GP2508 PSU BLACK.png
1WK,CASE GENERIC,KEYTECH,DARTH VADER with 2 fans - BLACK,CASE GENERIC - KEYTECH DARTH VADER with 2 fans - BLACK,"₱1,000",₱970.00,"₱1,120.00",4,/images/components/case generic/KEYTECH DARTH VADER with 2 fans - BLACK.png
1WK,CASE GENERIC,KEYTECH,K6 WITH PSU,CASE GENERIC - KEYTECH K6 WITH PSU,₱800,₱780.00,₱896.00,6,/images/components/case generic/KEYTECH K6 WITH PSU.png
1WK,CASE GENERIC,KEYTECH,STORM TROOPER with 2 fans - WHITE,CASE GENERIC - KEYTECH STORM TROOPER with 2 fans - WHITE,"₱1,050","₱1,030.00","₱1,176.00",3,/images/components/case generic/KEYTECH STORM TROOPER with 2 fans - WHITE.png
1WK,CASE GENERIC,KEYTECH,T100 CASE - BLACK,CASE GENERIC - KEYTECH T100 CASE - BLACK,₱700,₱680.00,₱784.00,3,/images/components/case generic/KEYTECH T100 CASE - BLACK.png
1WK,CASE GENERIC,KEYTECH,T100 CASE - WHITE,CASE GENERIC - KEYTECH T100 CASE - WHITE,₱700,₱680.00,₱784.00,0,/images/components/case generic/KEYTECH T100 CASE - WHITE.png
1WK,CASE GENERIC,KEYTECH,K7 WITH PSU,CASE GENERIC - KEYTECH K7 WITH PSU,₱800,₱780.00,₱896.00,0,/images/components/case generic/KEYTECH K7 WITH PSU.png
1WK,CASE GENERIC,MMA,MA 860 WHITE,CASE GENERIC - MMA MA 860 WHITE,₱680,₱670.00,₱761.60,0,/images/components/case generic/MMA MA 860 WHITE.png
1WK,CASE GENERIC,YGT,M2  - BLACK,CASE GENERIC - YGT M2  - BLACK,₱850,₱830.00,₱952.00,2,/images/components/case generic/YGT M2  - BLACK.png
1WK,CASE GENERIC,YGT,M2 - WHITE,CASE GENERIC - YGT M2 - WHITE,₱850,₱830.00,₱952.00,0,/images/components/case generic/YGT M2 - WHITE.png
1WK,CASE GENERIC,YGT,M3 - BLACK,CASE GENERIC - YGT M3 - BLACK,₱850,₱830.00,₱952.00,0,/images/components/case generic/YGT M3 - BLACK.png
1WK,CASE GENERIC,YGT,M3 - WHITE,CASE GENERIC - YGT M3 - WHITE,₱900,₱880.00,"₱1,008.00",0,/images/components/case generic/YGT M3 - WHITE.png
1WK,CASE GENERIC,YGT,M6 - WHITE,CASE GENERIC - YGT M6 - WHITE,₱900,₱880.00,"₱1,008.00",0,/images/components/case generic/YGT M6 - WHITE.png
1WK,CASE GENERIC,YGT,M7 - WHITE,CASE GENERIC - YGT M7 - WHITE,₱900,₱880.00,"₱1,008.00",0,/images/components/case generic/YGT M7 - WHITE.png
1WK,CASE GENERIC,NEUTRON,PHANTOM OR ODYSSEY,CASE GENERIC - NEUTRON PHANTOM OR ODYSSEY,₱800,₱780.00,₱896.00,0,/images/components/case generic/NEUTRON PHANTOM OR ODYSSEY.png
1WK,CASE GENERIC,YGT,MARS 7 - with PSU,CASE GENERIC - YGT MARS 7 - with PSU,₱800,₱780.00,₱896.00,0,/images/components/case generic/YGT MARS 7 - with PSU.png
1WK,CASE GENERIC,YGT,M7 - black,CASE GENERIC - YGT M7 - black,₱900,₱880.00,"₱1,008.00",0,/images/components/case generic/YGT M7 - black.png
1WK,CASE GENERIC,YGT,MARS 8 - with PSU,CASE GENERIC - YGT MARS 8 - with PSU,₱800,₱780.00,₱896.00,0,/images/components/case generic/YGT MARS 8 - with PSU.png
1WK,CASE GENERIC,,HONEY COMB CASE - PRO FULL TOWER ATX BLACK,CASE GENERIC -  HONEY COMB CASE - PRO FULL TOWER ATX BLACK,"₱1,150","₱1,120.00","₱1,288.00",0,/images/components/case generic/HONEY COMB CASE - PRO FULL TOWER ATX BLACK.png
1WK,CASE GENERIC,,HONEY COMB CASE - PRO FULL TOWER ATX WHITE,CASE GENERIC -  HONEY COMB CASE - PRO FULL TOWER ATX WHITE,"₱1,250","₱1,220.00","₱1,400.00",0,/images/components/case generic/HONEY COMB CASE - PRO FULL TOWER ATX WHITE.png
1WK,CASE GENERIC,,HONEY COMB CASE - with PSU,CASE GENERIC -  HONEY COMB CASE - with PSU,₱800,₱780.00,₱896.00,1,/images/components/case generic/HONEY COMB CASE - with PSU.png
1WK,CASE GENERIC,KEYTECH,TS300 WITH 3 PCS LED FAN (black),CASE GENERIC - KEYTECH TS300 WITH 3 PCS LED FAN (black),₱950,₱930.00,"₱1,064.00",0,/images/components/case generic/KEYTECH TS300 WITH 3 PCS LED FAN (black).png
1WK,CASE GENERIC,YGT,MARS 6 - with PSU,CASE GENERIC - YGT MARS 6 - with PSU,₱800,₱780.00,₱896.00,1,/images/components/case generic/YGT MARS 6 - with PSU.png
1WK,CASE GENERIC,YGT,Y-288,CASE GENERIC - YGT Y-288,₱700,₱680.00,₱784.00,0,/images/components/case generic/YGT Y-288.png
3MOS,COOLER FAN,DEEPCOOL ,AK400  - (DIGITAL) black,COOLER FAN - DEEPCOOL  AK400  - (DIGITAL) black,"₱2,400","₱2,350.00","₱2,688.00",0,/images/components/cooler fan/DEEPCOOL AK400  - (DIGITAL) black.png
3MOS,COOLER FAN,DEEPCOOL ,AK400  - (DIGITAL) white ,COOLER FAN - DEEPCOOL  AK400  - (DIGITAL) white ,"₱2,150","₱2,130.00","₱2,408.00",0,/images/components/cooler fan/DEEPCOOL AK400  - (DIGITAL) white.png
3MOS,COOLER FAN,DEEPCOOL ,AK400 - ZERO DARK,COOLER FAN - DEEPCOOL  AK400 - ZERO DARK,"₱1,700","₱1,650.00","₱1,904.00",0,/images/components/cooler fan/DEEPCOOL AK400 - ZERO DARK.png
3MOS,COOLER FAN,DEEPCOOL ,AK500 - BLACK ,COOLER FAN - DEEPCOOL  AK500 - BLACK ,"₱2,300","₱2,270.00","₱2,576.00",0,/images/components/cooler fan/DEEPCOOL AK500 - BLACK.png
3MOS,COOLER FAN,DEEPCOOL ,AK500S - (DIGITAL) white ,COOLER FAN - DEEPCOOL  AK500S - (DIGITAL) white ,"₱2,350","₱2,300.00","₱2,632.00",1,/images/components/cooler fan/DEEPCOOL AK500S - (DIGITAL) white.png
3MOS,COOLER FAN,JONSBO,CR 1200 - BLACK,COOLER FAN - JONSBO CR 1200 - BLACK,₱500,₱480.00,₱560.00,4,/images/components/cooler fan/JONSBO CR 1200 - BLACK.png
3MOS,COOLER FAN,JONSBO,CR 1400 EVO - ARGB BLACK,COOLER FAN - JONSBO CR 1400 EVO - ARGB BLACK,₱850,₱830.00,₱952.00,0,/images/components/cooler fan/JONSBO CR 1400 EVO - ARGB BLACK.png
3MOS,COOLER FAN,JONSBO,CR 1400 EVO - ARGB WHITE,COOLER FAN - JONSBO CR 1400 EVO - ARGB WHITE,₱860,₱840.00,₱963.20,2,/images/components/cooler fan/JONSBO CR 1400 EVO - ARGB WHITE.png
3MOS,COOLER FAN,DEEPCOOL ,AG400  - (DIGITAL WITH ARGB) WHITE,COOLER FAN - DEEPCOOL  AG400  - (DIGITAL WITH ARGB) WHITE,"₱1,750","₱1,720.00","₱1,960.00",0,/images/components/cooler fan/DEEPCOOL AG400  - (DIGITAL WITH ARGB) WHITE.png
3MOS,COOLER FAN,DEEPCOOL ,AG400  - (DIGITAL WITH ARGB) BLACK,COOLER FAN - DEEPCOOL  AG400  - (DIGITAL WITH ARGB) BLACK,"₱1,650","₱1,620.00","₱1,848.00",0,/images/components/cooler fan/DEEPCOOL AG400  - (DIGITAL WITH ARGB) BLACK.png
3MOS,COOLER FAN,DEEPCOOL ,AK400  -  black,COOLER FAN - DEEPCOOL  AK400  -  black,,,₱0.00,0,/images/components/cooler fan/DEEPCOOL AK400  -  black.png
3MOS,COOLER FAN,DEEPCOOL ,AK400  -  white ,COOLER FAN - DEEPCOOL  AK400  -  white ,,,₱0.00,0,/images/components/cooler fan/DEEPCOOL AK400  -  white.png
1WK,FAN,ADLINK,DUAL RING - RED,FAN - ADLINK DUAL RING - RED,₱120,₱110.00,₱134.40,13,/images/components/fan/ADLINK DUAL RING - RED.png
1WK,FAN,GSTORM,BLAZE FS -  BLACK,FAN - GSTORM BLAZE FS -  BLACK,₱130,₱120.00,₱145.60,0,/images/components/fan/GSTORM BLAZE FS -  BLACK.png
1WK,FAN,GSTORM,SLIM FRAME - GREEN,FAN - GSTORM SLIM FRAME - GREEN,₱130,₱120.00,₱145.60,0,/images/components/fan/GSTORM SLIM FRAME - GREEN.png
1WK,FAN,GSTORM,SLIM FRAME - ICED BLUE,FAN - GSTORM SLIM FRAME - ICED BLUE,₱130,₱120.00,₱145.60,7,/images/components/fan/GSTORM SLIM FRAME - ICED BLUE.png
1WK,FAN,GSTORM,NON-LED,FAN - GSTORM NON-LED,₱80,₱70.00,₱89.60,19,/images/components/fan/GSTORM NON-LED.png
1WK,FAN,GSTORM,OCTA BLAZE -  WHITE,FAN - GSTORM OCTA BLAZE -  WHITE,₱130,₱120.00,₱145.60,5,/images/components/fan/GSTORM OCTA BLAZE -  WHITE.png
1WK,FAN,GSTORM,FROST - RAINBOW,FAN - GSTORM FROST - RAINBOW,₱130,₱120.00,₱145.60,15,/images/components/fan/GSTORM FROST - RAINBOW.png
1WK,FAN,GSTORM,DIAMOND FAN - RGB,FAN - GSTORM DIAMOND FAN - RGB,₱110,₱100.00,₱123.20,6,/images/components/fan/GSTORM DIAMOND FAN - RGB.png
1WK,FAN,GSTORM,SLIM - PINK,FAN - GSTORM SLIM - PINK,₱150,₱130.00,₱168.00,22,/images/components/fan/GSTORM SLIM - PINK.png
1WK,FAN,GSTORM,DIAMOND FAN - ORANGE,FAN - GSTORM DIAMOND FAN - ORANGE,₱110,₱100.00,₱123.20,12,/images/components/fan/GSTORM DIAMOND FAN - ORANGE.png
1WK,FAN,GSTORM,DIAMOND FAN  PINK,FAN - GSTORM DIAMOND FAN  PINK,₱110,₱90.00,₱123.20,11,/images/components/fan/GSTORM DIAMOND FAN  PINK.png
1WK,FAN,GSTORM,DUAL RING - PURPLE,FAN - GSTORM DUAL RING - PURPLE,₱130,₱80.00,₱145.60,31,/images/components/fan/GSTORM DUAL RING - PURPLE.png
1WK,FAN,GSTORM,SLIM FRAME - ARGB BLACK,FAN - GSTORM SLIM FRAME - ARGB BLACK,₱150,₱130.00,₱168.00,7,/images/components/fan/GSTORM SLIM FRAME - ARGB BLACK.png
1WK,FAN,INPLAY,SEAVIEW TOWER X1-B SINGLE 6-pin FAN-EXTRA - BLACK ,FAN - INPLAY SEAVIEW TOWER X1-B SINGLE 6-pin FAN-EXTRA - BLACK ,₱200,₱190.00,₱224.00,4,/images/components/fan/INPLAY SEAVIEW TOWER X1-B SINGLE 6-pin FAN-EXTRA - BLACK.png
1WK,FAN,INPLAY,SEAVIEW FAN F1 SINGLE MINI 4-pin FAN-EXTRA - BLACK ,FAN - INPLAY SEAVIEW FAN F1 SINGLE MINI 4-pin FAN-EXTRA - BLACK ,₱200,₱180.00,₱224.00,5,/images/components/fan/INPLAY SEAVIEW FAN F1 SINGLE MINI 4-pin FAN-EXTRA - BLACK.png
1WK,FAN,INPLAY,SEAVIEW FAN F1 SINGLE MINI 4-pin FAN-EXTRA - WHITE,FAN - INPLAY SEAVIEW FAN F1 SINGLE MINI 4-pin FAN-EXTRA - WHITE,₱220,₱200.00,₱246.40,4,/images/components/fan/INPLAY SEAVIEW FAN F1 SINGLE MINI 4-pin FAN-EXTRA - WHITE.png
1WK,FAN,INTELLIGENT,DUAL ECLIPSE 7 COLORS,FAN - INTELLIGENT DUAL ECLIPSE 7 COLORS,₱110,₱105.00,₱123.20,3,/images/components/fan/INTELLIGENT DUAL ECLIPSE 7 COLORS.png
,FAN,KEYTECH,PRISM WHITE EXTRA FAN,FAN - KEYTECH PRISM WHITE EXTRA FAN,₱200,₱200.00,₱224.00,6,/images/components/fan/KEYTECH PRISM WHITE EXTRA FAN.png
,FAN,KEYTECH,PRISM BLACK EXTRA FAN,FAN - KEYTECH PRISM BLACK EXTRA FAN,₱200,₱200.00,₱224.00,2,/images/components/fan/KEYTECH PRISM BLACK EXTRA FAN.png
1WK,FAN,YGT,1290 RAINBOW - WHITE RING FRAME,FAN - YGT 1290 RAINBOW - WHITE RING FRAME,₱130,₱120.00,₱145.60,1,/images/components/fan/YGT 1290 RAINBOW - WHITE RING FRAME.png
,FAN,DEEP COOL,FC120 3-IN-1 BLACK EXTRA FAN,FAN - DEEP COOL FC120 3-IN-1 BLACK EXTRA FAN,₱680,₱660.00,₱761.60,2,/images/components/fan/DEEP COOL FC120 3-IN-1 BLACK EXTRA FAN.png
1WK,FAN,GSTORM,DUAL RING - ICE BLUE,FAN - GSTORM DUAL RING - ICE BLUE,₱150,₱130.00,₱168.00,20,/images/components/fan/GSTORM DUAL RING - ICE BLUE.png
1WK,FAN,GSTORM,DUAL RING - RAINBOW,FAN - GSTORM DUAL RING - RAINBOW,₱150,₱130.00,₱168.00,20,/images/components/fan/GSTORM DUAL RING - RAINBOW.png
1WK,FAN,GSTORM,SLIM FRAME - WHITE,FAN - GSTORM SLIM FRAME - WHITE,₱150,₱130.00,₱168.00,0,/images/components/fan/GSTORM SLIM FRAME - WHITE.png
,FAN,KEYTECH,TORNADO - SINGLE WHITE,FAN - KEYTECH TORNADO - SINGLE WHITE,₱120,₱100.00,₱134.40,0,/images/components/fan/KEYTECH TORNADO - SINGLE WHITE.png
2MOS,FAN-KIT,DARKFLASH,DR12 PRO - 3-IN-1 KIT,FAN-KIT - DARKFLASH DR12 PRO - 3-IN-1 KIT,"₱1,100","₱1,080.00","₱1,232.00",1,/images/components/fan-kit/DARKFLASH DR12 PRO - 3-IN-1 KIT.png
1MO,FAN-KIT,DARKFLASH,DARKFLASH DR12 PRO - SINGLE FAN,FAN-KIT - DARKFLASH DARKFLASH DR12 PRO - SINGLE FAN,₱250,₱250.00,₱280.00,1,/images/components/fan-kit/DARKFLASH DARKFLASH DR12 PRO - SINGLE FAN.png
2MOS,FAN-KIT,INPLAY,ICE TOWER - 3-IN-1 KIT,FAN-KIT - INPLAY ICE TOWER - 3-IN-1 KIT,₱580,₱560.00,₱649.60,3,/images/components/fan-kit/INPLAY ICE TOWER - 3-IN-1 KIT.png
1WK,FAN-KIT,INPLAY,SEAVIEW TOWER X3-B - BLACK,FAN-KIT - INPLAY SEAVIEW TOWER X3-B - BLACK,₱750,₱730.00,₱840.00,5,/images/components/fan-kit/INPLAY SEAVIEW TOWER X3-B - BLACK.png
2WKS,FAN-KIT,INPLAY,ICE TOWER - ICE ONE (extra fan),FAN-KIT - INPLAY ICE TOWER - ICE ONE (extra fan),₱180,₱180.00,₱201.60,7,/images/components/fan-kit/INPLAY ICE TOWER - ICE ONE (extra fan).png
1WK,FAN-KIT,INPLAY,SEAVIEW TOWER F3-BLACK 3IN1 ARGB MINI 4 PIN,FAN-KIT - INPLAY SEAVIEW TOWER F3-BLACK 3IN1 ARGB MINI 4 PIN,₱670,₱650.00,₱750.40,3,/images/components/fan-kit/INPLAY SEAVIEW TOWER F3-BLACK 3IN1 ARGB MINI 4 PIN.png
1WK,FAN-KIT,INPLAY,SEAVIEW TOWER F3-WHITE 3IN1 ARGB MINI 4 PIN,FAN-KIT - INPLAY SEAVIEW TOWER F3-WHITE 3IN1 ARGB MINI 4 PIN,₱690,₱670.00,₱772.80,0,/images/components/fan-kit/INPLAY SEAVIEW TOWER F3-WHITE 3IN1 ARGB MINI 4 PIN.png
2WKS,FAN-KIT,KEYTECH,PRISM WHITE,FAN-KIT - KEYTECH PRISM WHITE,₱690,₱690.00,₱772.80,6,/images/components/fan-kit/KEYTECH PRISM WHITE.png
2WKS,FAN-KIT,KEYTECH,PRISM BLACK,FAN-KIT - KEYTECH PRISM BLACK,₱670,₱670.00,₱750.40,0,/images/components/fan-kit/KEYTECH PRISM BLACK.png
2WKS,FAN-KIT,LIAN LI,SL INFINITY 120-3 WHITE COOLER,FAN-KIT - LIAN LI SL INFINITY 120-3 WHITE COOLER,"₱5,600","₱5,580.00","₱6,272.00",1,/images/components/fan-kit/LIAN LI SL INFINITY 120-3 WHITE COOLER.png
1MO,FAN-KIT,YGT,1250 ARGB - 3-IN-1 KIT,FAN-KIT - YGT 1250 ARGB - 3-IN-1 KIT,₱880,₱860.00,₱985.60,0,/images/components/fan-kit/YGT 1250 ARGB - 3-IN-1 KIT.png
2WKS,FAN-KIT,YGT,ARGB 3IN1 1255 - EXTRA FAN,FAN-KIT - YGT ARGB 3IN1 1255 - EXTRA FAN,₱200,₱180.00,₱224.00,10,/images/components/fan-kit/YGT ARGB 3IN1 1255 - EXTRA FAN.png
2WKS,FAN-KIT,DEEP COOL,FC120 3-IN-1 BLACK,FAN-KIT - DEEP COOL FC120 3-IN-1 BLACK,"₱1,800","₱1,780.00","₱2,016.00",1,/images/components/fan-kit/DEEP COOL FC120 3-IN-1 BLACK.png
1MO,FAN-KIT,KEYTECH,TORNADO - 3-IN-1 KIT WHITE,FAN-KIT - KEYTECH TORNADO - 3-IN-1 KIT WHITE,₱650,₱630.00,₱728.00,0,/images/components/fan-kit/KEYTECH TORNADO - 3-IN-1 KIT WHITE.png
1YR,GPU,COLORFUL,GEFORCE RTX 3070 BATTLE AX 8GB,GPU - COLORFUL GEFORCE RTX 3070 BATTLE AX 8GB,"₱27,900","₱27,850.00","₱31,248.00",0,/images/components/gpu/COLORFUL GEFORCE RTX 3070 BATTLE AX 8GB.png
1YR,GPU,COLORFUL,IGAME ULTRA RTX 4060 8GB GDDR6 (WHITE),GPU - COLORFUL IGAME ULTRA RTX 4060 8GB GDDR6 (WHITE),"₱18,500","₱18,300.00","₱20,720.00",0,/images/components/gpu/COLORFUL IGAME ULTRA RTX 4060 8GB GDDR6 (WHITE).png
1YR,GPU,GALAX,GTX 1650EX PLUS - 1-CLICK OC 4GB DDR6 128BIT,GPU - GALAX GTX 1650EX PLUS - 1-CLICK OC 4GB DDR6 128BIT,"₱8,100","₱8,050.00","₱9,072.00",1,/images/components/gpu/GALAX GTX 1650EX PLUS - 1-CLICK OC 4GB DDR6 128BIT.png
1YR,GPU,GALAX,RTX 4060 1-CLICK OC BLACK 2X V2 PCI-E -8GB,GPU - GALAX RTX 4060 1-CLICK OC BLACK 2X V2 PCI-E -8GB,"₱17,300","₱17,200.00","₱19,376.00",1,/images/components/gpu/GALAX RTX 4060 1-CLICK OC BLACK 2X V2 PCI-E -8GB.png
1YR,GPU,GALAX,RTX 3060 1-CLICK OC BLK PCI-E 192BIT-PG190 12GB,GPU - GALAX RTX 3060 1-CLICK OC BLK PCI-E 192BIT-PG190 12GB,"₱15,800","₱15,780.00","₱17,696.00",3,/images/components/gpu/GALAX RTX 3060 1-CLICK OC BLK PCI-E 192BIT-PG190 12GB.png
1YR,GPU,GALAX,RTX 3050 1-CLICK OC BLK PCI-E 96BIT 6GB,GPU - GALAX RTX 3050 1-CLICK OC BLK PCI-E 96BIT 6GB,"₱10,400","₱10,400.00","₱11,648.00",2,/images/components/gpu/GALAX RTX 3050 1-CLICK OC BLK PCI-E 96BIT 6GB.png
1YR,GPU,GIGABYTE,RX 6600 - 8GB GV-R66 EAGLE ,GPU - GIGABYTE RX 6600 - 8GB GV-R66 EAGLE ,"₱13,200","₱13,150.00","₱14,784.00",2,/images/components/gpu/GIGABYTE RX 6600 - 8GB GV-R66 EAGLE.png
1YR,GPU,RAMSTA,RX580 8GB / GDDR5 / 256BIT,GPU - RAMSTA RX580 8GB / GDDR5 / 256BIT,"₱5,200","₱5,150.00","₱5,824.00",1,/images/components/gpu/RAMSTA RX580 8GB / GDDR5 / 256BIT.png
1YR,GPU,RAMSTA,RX550 4GB /GDDR5/128 BIT,GPU - RAMSTA RX550 4GB /GDDR5/128 BIT,"₱3,300","₱3,280.00","₱3,696.00",1,/images/components/gpu/RAMSTA RX550 4GB /GDDR5/128 BIT.png
1YR,GPU,GIGABYTE,RTX 4070 SUPER EAGLE OC 12GB,GPU - GIGABYTE RTX 4070 SUPER EAGLE OC 12GB,"₱40,820","₱40,800.00","₱45,718.40",0,/images/components/gpu/GIGABYTE RTX 4070 SUPER EAGLE OC 12GB.png
1YR,GPU,PNY,VERTO RTX 4060 8GB DUAL FAN OC,GPU - PNY VERTO RTX 4060 8GB DUAL FAN OC,"₱16,800","₱16,700.00","₱18,816.00",0,/images/components/gpu/PNY VERTO RTX 4060 8GB DUAL FAN OC.png
1YR,GPU,SAPPHIRE,PULSE AMD RADEON RX 7800 XT GAMING 16GB GDDR6 DUAL HDMI/ DUAL DP LITE,GPU - SAPPHIRE PULSE AMD RADEON RX 7800 XT GAMING 16GB GDDR6 DUAL HDMI/ DUAL DP LITE,"₱31,800",,"₱35,616.00",0,/images/components/gpu/SAPPHIRE PULSE AMD RADEON RX 7800 XT GAMING 16GB GDDR6 DUAL HDMI/ DUAL DP LITE.png
1YR,GPU,GIGABYTE,RTX 4060 AERO OC 8GB VGA CARD 128BIT GDR6 WHITE TRIFAN,GPU - GIGABYTE RTX 4060 AERO OC 8GB VGA CARD 128BIT GDR6 WHITE TRIFAN,"₱20,650","₱20,550.00","₱23,128.00",0,/images/components/gpu/GIGABYTE RTX 4060 AERO OC 8GB VGA CARD 128BIT GDR6 WHITE TRIFAN.png
1YR,GPU,GIGABYTE,RTX 4060TI AERO OC 16GB VGA CARD 128BIT GDR6 WHITE TRIFAN,GPU - GIGABYTE RTX 4060TI AERO OC 16GB VGA CARD 128BIT GDR6 WHITE TRIFAN,"₱30,895","₱30,795.00","₱34,602.40",0,/images/components/gpu/GIGABYTE RTX 4060TI AERO OC 16GB VGA CARD 128BIT GDR6 WHITE TRIFAN.png
1YR,GPU,GIGABYTE,RTX 4060TI AERO OC 8GB VGA CARD 128BIT GDR6 WHITE TRIFAN,GPU - GIGABYTE RTX 4060TI AERO OC 8GB VGA CARD 128BIT GDR6 WHITE TRIFAN,"₱27,650","₱27,550.00","₱30,968.00",0,/images/components/gpu/GIGABYTE RTX 4060TI AERO OC 8GB VGA CARD 128BIT GDR6 WHITE TRIFAN.png
1YR,HDD,SEAGATE,3.5-inch SATA - 1TB ,HDD - SEAGATE 3.5-inch SATA - 1TB ,"₱1,800","₱1,750.00","₱2,016.00",1,/images/components/hdd/SEAGATE 3.5-inch SATA - 1TB.png
1YR,HDD,SEAGATE,3.5-inch SATA - 2TB,HDD - SEAGATE 3.5-inch SATA - 2TB,"₱3,450","₱3,400.00","₱3,864.00",1,/images/components/hdd/SEAGATE 3.5-inch SATA - 2TB.png
1YR,HDD,SEAGATE,3.5-inch SATA - 500GB,HDD - SEAGATE 3.5-inch SATA - 500GB,₱850,₱800.00,₱952.00,1,/images/components/hdd/SEAGATE 3.5-inch SATA - 500GB.png
1YR,HDD,WD,3.5-inch SATA - 2TB,HDD - WD 3.5-inch SATA - 2TB,"₱2,800","₱2,750.00","₱3,136.00",0,/images/components/hdd/WD 3.5-inch SATA - 2TB.png
2WKS,HDD (USED),SEAGATE,2000GB (USED),HDD (USED) - SEAGATE 2000GB (USED),,,₱0.00,0,/images/components/hdd (used)/SEAGATE 2000GB (USED).png
1YR,HDD PORTABLE,WD,MY PASSPORT PORTABLE HDD 3.0 - 2TB,HDD PORTABLE - WD MY PASSPORT PORTABLE HDD 3.0 - 2TB,"₱4,080","₱4,060.00","₱4,569.60",0,/images/components/hdd portable/WD MY PASSPORT PORTABLE HDD 3.0 - 2TB.png
1YR,HDD PORTABLE,WD,MY PASSPORT PORTABLE ULTRA - 1TB WHITE,HDD PORTABLE - WD MY PASSPORT PORTABLE ULTRA - 1TB WHITE,"₱3,600","₱3,580.00","₱4,032.00",0,/images/components/hdd portable/WD MY PASSPORT PORTABLE ULTRA - 1TB WHITE.png
,HEATSINK FAN,INTEL,10-11 GEN,HEATSINK FAN - INTEL 10-11 GEN,,-₱20.00,₱0.00,0,/images/components/heatsink fan/INTEL 10-11 GEN.png
1WK,HEATSINK FAN,INTEL,10-11 GEN,HEATSINK FAN - INTEL 10-11 GEN,,-₱20.00,₱0.00,0,/images/components/heatsink fan/INTEL 10-11 GEN.png
1YR,PORTABLE FAN,JISULIFE,ULTRA 1 GREY,PORTABLE FAN - JISULIFE ULTRA 1 GREY,"₱3,699","₱3,500.00","₱4,142.88",0,/images/components/portable fan/JISULIFE ULTRA 1 GREY.png
2MOS,PORTABLE FAN,JISULIFE,LIFE5 PLUS 4000MAH,PORTABLE FAN - JISULIFE LIFE5 PLUS 4000MAH,₱750,₱750.00,₱840.00,2,/images/components/portable fan/JISULIFE LIFE5 PLUS 4000MAH.png
1YR,PRO & MOBO - NO COOLER,R7 7700X,ASROCK B550M PRO RS WIFI,PRO & MOBO - NO COOLER - R7 7700X ASROCK B550M PRO RS WIFI,"₱30,400","₱30,300.00","₱34,048.00",0,/images/components/pro & mobo - no cooler/R7 7700X ASROCK B550M PRO RS WIFI.png
1YR,PSU,INPLAY,AK-400  400WATTS SEMI- RATED,PSU - INPLAY AK-400  400WATTS SEMI- RATED,₱550,₱530.00,₱616.00,0,/images/components/psu/INPLAY AK-400  400WATTS SEMI- RATED.png
1YR,PSU - TR,ACER,AC550 550W 80+ BRONZE,PSU - TR - ACER AC550 550W 80+ BRONZE,"₱1,650","₱1,630.00","₱1,848.00",4,/images/components/psu - tr/ACER AC550 550W 80+ BRONZE.png
1YR,PSU - TR,ACER,AC650 650W 80+ BRONZE,PSU - TR - ACER AC650 650W 80+ BRONZE,"₱2,220","₱2,200.00","₱2,486.40",(1),/images/components/psu - tr/ACER AC650 650W 80+ BRONZE.png
1YR,PSU - TR,ACER,AC1000 1000W 80+ GOLD,PSU - TR - ACER AC1000 1000W 80+ GOLD,"₱2,800","₱2,780.00","₱3,136.00",0,/images/components/psu - tr/ACER AC1000 1000W 80+ GOLD.png
1YR,PSU - TR,COOLER MASTER,MWE 80+ BRONZE V3 750watts,PSU - TR - COOLER MASTER MWE 80+ BRONZE V3 750watts,"₱3,900","₱3,850.00","₱4,368.00",1,/images/components/psu - tr/COOLER MASTER MWE 80+ BRONZE V3 750watts.png
1YR,PSU - TR,COOLER MASTER,MWE 80+ BRONZE V3 650watts,PSU - TR - COOLER MASTER MWE 80+ BRONZE V3 650watts,"₱3,500","₱3,450.00","₱3,920.00",0,/images/components/psu - tr/COOLER MASTER MWE 80+ BRONZE V3 650watts.png
1YR,PSU - TR,COOLER MASTER,MWE 80+ GOLD V2 FM 850watts,PSU - TR - COOLER MASTER MWE 80+ GOLD V2 FM 850watts,"₱6,800","₱6,780.00","₱7,616.00",0,/images/components/psu - tr/COOLER MASTER MWE 80+ GOLD V2 FM 850watts.png
1YR,PSU - TR,CORSAIR,CX550 80+ BRONZE 550watts,PSU - TR - CORSAIR CX550 80+ BRONZE 550watts,"₱2,850","₱2,800.00","₱3,192.00",0,/images/components/psu - tr/CORSAIR CX550 80+ BRONZE 550watts.png
1YR,PSU - TR,CORSAIR,CX650 80+ BRONZE 650watts,PSU - TR - CORSAIR CX650 80+ BRONZE 650watts,"₱3,500","₱3,450.00","₱3,920.00",1,/images/components/psu - tr/CORSAIR CX650 80+ BRONZE 650watts.png
1YR,PSU - TR,CORSAIR,CV750 80+ BRONZE 750watts,PSU - TR - CORSAIR CV750 80+ BRONZE 750watts,"₱3,690","₱3,640.00","₱4,132.80",0,/images/components/psu - tr/CORSAIR CV750 80+ BRONZE 750watts.png
1YR,PSU - TR,CORSAIR,RM750E 80+ GOLD FULLY MODULAR 750watts,PSU - TR - CORSAIR RM750E 80+ GOLD FULLY MODULAR 750watts,"₱6,900","₱6,880.00","₱7,728.00",0,/images/components/psu - tr/CORSAIR RM750E 80+ GOLD FULLY MODULAR 750watts.png
1YR,PSU - TR,CORSAIR,RM850E 80+ GOLD FULLY MODULAR 850watts,PSU - TR - CORSAIR RM850E 80+ GOLD FULLY MODULAR 850watts,"₱7,450","₱7,430.00","₱8,344.00",0,/images/components/psu - tr/CORSAIR RM850E 80+ GOLD FULLY MODULAR 850watts.png
1YR,PSU - TR,DEEP COOL,DE-600 v2 600watts,PSU - TR - DEEP COOL DE-600 v2 600watts,"₱2,050","₱2,000.00","₱2,296.00",0,/images/components/psu - tr/DEEP COOL DE-600 v2 600watts.png
1YR,PSU - TR,KEYTECH,BTS-550 BRONZE 550WATTS,PSU - TR - KEYTECH BTS-550 BRONZE 550WATTS,"₱1,080","₱1,070.00","₱1,209.60",2,/images/components/psu - tr/KEYTECH BTS-550 BRONZE 550WATTS.png
1YR,PSU - TR,KEYTECH,BTS-650 BRONZE 650WATTS,PSU - TR - KEYTECH BTS-650 BRONZE 650WATTS,"₱1,300","₱1,290.00","₱1,456.00",2,/images/components/psu - tr/KEYTECH BTS-650 BRONZE 650WATTS.png
1YR,PSU - TR,KEYTECH,BTS-750 BRONZE 750WATTS,PSU - TR - KEYTECH BTS-750 BRONZE 750WATTS,"₱1,550","₱1,530.00","₱1,736.00",1,/images/components/psu - tr/KEYTECH BTS-750 BRONZE 750WATTS.png
1YR,PSU - TR,REDRAGON,(GC-PS014W/RGPS-650SFX) 80+ GOLD FULL MOD (white) 650watts,PSU - TR - REDRAGON (GC-PS014W/RGPS-650SFX) 80+ GOLD FULL MOD (white) 650watts,"₱5,600","₱5,550.00","₱6,272.00",0,/images/components/psu - tr/REDRAGON (GC-PS014W/RGPS-650SFX) 80+ GOLD FULL MOD (white) 650watts.png
1YR,PSU - TR,REDRAGON,RGPS-700W 80+ BRONZE FULL MODULAR,PSU - TR - REDRAGON RGPS-700W 80+ BRONZE FULL MODULAR,"₱3,900","₱3,880.00","₱4,368.00",0,/images/components/psu - tr/REDRAGON RGPS-700W 80+ BRONZE FULL MODULAR.png
1YR,PSU - TR,GIGABYTE,P550SS SILVER WHITE (ICE),PSU - TR - GIGABYTE P550SS SILVER WHITE (ICE),"₱2,300",,"₱2,576.00",0,/images/components/psu - tr/GIGABYTE P550SS SILVER WHITE (ICE).png
1YR,PSU - TR,GIGABYTE,P550SS SILVER,PSU - TR - GIGABYTE P550SS SILVER,"₱2,250",,"₱2,520.00",1,/images/components/psu - tr/GIGABYTE P550SS SILVER.png
1YR,PSU - TR,INPLAY,GS550 ULTRA BLACK ATX POWERSUPPLY 550W 80+ BRONZE RGB,PSU - TR - INPLAY GS550 ULTRA BLACK ATX POWERSUPPLY 550W 80+ BRONZE RGB,"₱1,150","₱1,130.00","₱1,288.00",10,/images/components/psu - tr/INPLAY GS550 ULTRA BLACK ATX POWERSUPPLY 550W 80+ BRONZE RGB.png
1YR,PSU - TR,INPLAY,GS650 ULTRA BLACK ATX POWERSUPPLY 650W 80+ BRONZE RGB,PSU - TR - INPLAY GS650 ULTRA BLACK ATX POWERSUPPLY 650W 80+ BRONZE RGB,"₱1,350","₱1,330.00","₱1,512.00",9,/images/components/psu - tr/INPLAY GS650 ULTRA BLACK ATX POWERSUPPLY 650W 80+ BRONZE RGB.png
1YR,PSU - TR,CORSAIR,CX750 80+ BRONZE 750watts,PSU - TR - CORSAIR CX750 80+ BRONZE 750watts,"₱3,600","₱3,550.00","₱4,032.00",0,/images/components/psu - tr/CORSAIR CX750 80+ BRONZE 750watts.png
6MOS,PSU GENERIC,CVS,MXT-800 LONG FLAT CABLE BLACK 800watts,PSU GENERIC - CVS MXT-800 LONG FLAT CABLE BLACK 800watts,₱450,₱450.00,₱504.00,17,/images/components/psu generic/CVS MXT-800 LONG FLAT CABLE BLACK 800watts.png
6MOS,PSU GENERIC,KEYTECH,VP700L,PSU GENERIC - KEYTECH VP700L,₱450,₱430.00,₱504.00,8,/images/components/psu generic/KEYTECH VP700L.png
6MOS,PSU GENERIC,KEYTECH,THUNDERBOLT 800watts,PSU GENERIC - KEYTECH THUNDERBOLT 800watts,₱450,₱430.00,₱504.00,0,/images/components/psu generic/KEYTECH THUNDERBOLT 800watts.png
6MOS,PSU GENERIC,YGT ,TOP ONE-2 KY-700 ATX 700watts,PSU GENERIC - YGT  TOP ONE-2 KY-700 ATX 700watts,₱450,₱430.00,₱504.00,0,/images/components/psu generic/YGT TOP ONE-2 KY-700 ATX 700watts.png
1YR,RAM 2666mhz,SKIHOTAR,DDR4 4gb,RAM 2666mhz - SKIHOTAR DDR4 4gb,₱700,₱700.00,₱784.00,0,/images/components/ram 2666mhz/SKIHOTAR DDR4 4gb.png
1YR,RAM 3200MHZ,KINGSPEC,DDR4 8GB - RGB,RAM 3200MHZ - KINGSPEC DDR4 8GB - RGB,"₱1,350","₱1,300.00","₱1,512.00",0,/images/components/ram 3200mhz/KINGSPEC DDR4 8GB - RGB.png
1YR,RAM 3200MHZ,KINGSTON,FURY BEAST DDR4 16gb (single stick),RAM 3200MHZ - KINGSTON FURY BEAST DDR4 16gb (single stick),"₱1,450","₱1,420.00","₱1,624.00",7,/images/components/ram 3200mhz/KINGSTON FURY BEAST DDR4 16gb (single stick).png
1YR,RAM 3200MHZ,NEO FORZA,FAYE DDR4 16GB (2X8GB) 3200 NON RGB w/ HS,RAM 3200MHZ - NEO FORZA FAYE DDR4 16GB (2X8GB) 3200 NON RGB w/ HS,"₱1,650","₱1,600.00","₱1,848.00",0,/images/components/ram 3200mhz/NEO FORZA FAYE DDR4 16GB (2X8GB) 3200 NON RGB w/ HS.png
1YR,RAM 3200MHZ,SKIHOTAR,DDR4 8GB,RAM 3200MHZ - SKIHOTAR DDR4 8GB,"₱1,150","₱1,100.00","₱1,288.00",0,/images/components/ram 3200mhz/SKIHOTAR DDR4 8GB.png
1YR,RAM 3200MHZ,TEAM ELITE,PLUS GOLD DDR4  8GB,RAM 3200MHZ - TEAM ELITE PLUS GOLD DDR4  8GB,₱850,₱800.00,₱952.00,0,/images/components/ram 3200mhz/TEAM ELITE PLUS GOLD DDR4  8GB.png
1YR,RAM 3200MHZ,TFORCE,Delta RGB DDR4 16gb-kit (2x8gb) black,RAM 3200MHZ - TFORCE Delta RGB DDR4 16gb-kit (2x8gb) black,"₱2,800","₱2,750.00","₱3,136.00",1,/images/components/ram 3200mhz/TFORCE Delta RGB DDR4 16gb-kit (2x8gb) black.png
1YR,RAM 3200MHZ,TFORCE,Delta RGB DDR4 16gb-kit (2x8gb) white,RAM 3200MHZ - TFORCE Delta RGB DDR4 16gb-kit (2x8gb) white,"₱2,800","₱2,750.00","₱3,136.00",1,/images/components/ram 3200mhz/TFORCE Delta RGB DDR4 16gb-kit (2x8gb) white.png
1YR,RAM 3200MHZ,TFORCE,Delta RGB DDR4 32gb-kit (2x16gb) black,RAM 3200MHZ - TFORCE Delta RGB DDR4 32gb-kit (2x16gb) black,"₱3,900","₱3,850.00","₱4,368.00",1,/images/components/ram 3200mhz/TFORCE Delta RGB DDR4 32gb-kit (2x16gb) black.png
1YR,RAM 3200MHZ,TFORCE,Delta RGB DDR4 32gb-kit (2x16gb) white,RAM 3200MHZ - TFORCE Delta RGB DDR4 32gb-kit (2x16gb) white,"₱3,900","₱3,850.00","₱4,368.00",0,/images/components/ram 3200mhz/TFORCE Delta RGB DDR4 32gb-kit (2x16gb) white.png
1YR,RAM 3200MHZ,KINGSTON,FURY BEAST DDR4 8gb ,RAM 3200MHZ - KINGSTON FURY BEAST DDR4 8gb ,₱850,₱830.00,₱952.00,8,/images/components/ram 3200mhz/KINGSTON FURY BEAST DDR4 8gb.png
1YR,RAM 3600MHZ,TFORCE,DDR4 DARKZA 16GB (2x8gb),RAM 3600MHZ - TFORCE DDR4 DARKZA 16GB (2x8gb),"₱2,400","₱2,350.00","₱2,688.00",1,/images/components/ram 3600mhz/TFORCE DDR4 DARKZA 16GB (2x8gb).png
1YR,RAM 3600MHZ,TFORCE,Delta RGB DDR4 16gb kit (2x8gb) black,RAM 3600MHZ - TFORCE Delta RGB DDR4 16gb kit (2x8gb) black,"₱3,000","₱2,950.00","₱3,360.00",0,/images/components/ram 3600mhz/TFORCE Delta RGB DDR4 16gb kit (2x8gb) black.png
1YR,RAM 3600MHZ,TFORCE,Delta RGB DDR4 16gb kit (2x8gb) white,RAM 3600MHZ - TFORCE Delta RGB DDR4 16gb kit (2x8gb) white,"₱3,000","₱2,950.00","₱3,360.00",1,/images/components/ram 3600mhz/TFORCE Delta RGB DDR4 16gb kit (2x8gb) white.png
1YR,RAM 3600MHZ,TFORCE,Delta RGB DDR4 32gb kit (2x16gb) black,RAM 3600MHZ - TFORCE Delta RGB DDR4 32gb kit (2x16gb) black,"₱4,000","₱3,950.00","₱4,480.00",0,/images/components/ram 3600mhz/TFORCE Delta RGB DDR4 32gb kit (2x16gb) black.png
1YR,RAM 3600MHZ,TFORCE,Delta RGB DDR4 32gb kit (2x16gb) white,RAM 3600MHZ - TFORCE Delta RGB DDR4 32gb kit (2x16gb) white,"₱4,000","₱3,950.00","₱4,480.00",0,/images/components/ram 3600mhz/TFORCE Delta RGB DDR4 32gb kit (2x16gb) white.png
1YR,RAM 3600MHZ,TFORCE,Delta RGB DDR4 (SINGLE STICK) 32gb white,RAM 3600MHZ - TFORCE Delta RGB DDR4 (SINGLE STICK) 32gb white,"₱4,800","₱4,780.00","₱5,376.00",0,/images/components/ram 3600mhz/TFORCE Delta RGB DDR4 (SINGLE STICK) 32gb white.png
1YR,RAM 3600MHZ,LEXAR,ARES RGB DDR4 32GB KIT (2X16GB) BLACK,RAM 3600MHZ - LEXAR ARES RGB DDR4 32GB KIT (2X16GB) BLACK,"₱4,250","₱4,230.00","₱4,760.00",1,/images/components/ram 3600mhz/LEXAR ARES RGB DDR4 32GB KIT (2X16GB) BLACK.png
1YR,RAM 5200MHZ,KINGSTON,FURY BEAST DDR5 16gb (single stick),RAM 5200MHZ - KINGSTON FURY BEAST DDR5 16gb (single stick),"₱3,200","₱3,150.00","₱3,584.00",0,/images/components/ram 5200mhz/KINGSTON FURY BEAST DDR5 16gb (single stick).png
1YR,RAM 5200MHZ,TFORCE,Delta RGB DDR5 BLACK 32GB (2X16GB),RAM 5200MHZ - TFORCE Delta RGB DDR5 BLACK 32GB (2X16GB),"₱6,400","₱6,380.00","₱7,168.00",0,/images/components/ram 5200mhz/TFORCE Delta RGB DDR5 BLACK 32GB (2X16GB).png
1YR,RAM 5200MHZ,TFORCE,Delta RGB DDR5 WHITE 32GB (2X16GB),RAM 5200MHZ - TFORCE Delta RGB DDR5 WHITE 32GB (2X16GB),"₱6,400","₱6,380.00","₱7,168.00",0,/images/components/ram 5200mhz/TFORCE Delta RGB DDR5 WHITE 32GB (2X16GB).png
1YR,RAM 5600MHZ,TFORCE,Delta RGB DDR5 32GB (2X16GB) black,RAM 5600MHZ - TFORCE Delta RGB DDR5 32GB (2X16GB) black,"₱6,400","₱6,350.00","₱7,168.00",0,/images/components/ram 5600mhz/TFORCE Delta RGB DDR5 32GB (2X16GB) black.png
1YR,RAM 5600MHZ,TFORCE,Delta RGB DDR5 32GB (2X16GB) white,RAM 5600MHZ - TFORCE Delta RGB DDR5 32GB (2X16GB) white,"₱6,400","₱6,380.00","₱7,168.00",0,/images/components/ram 5600mhz/TFORCE Delta RGB DDR5 32GB (2X16GB) white.png
1YR,RAM 6000MHZ,GSKILL,TRIDENT Z5 NEO RGB 2X16GB BLK DDR5,RAM 6000MHZ - GSKILL TRIDENT Z5 NEO RGB 2X16GB BLK DDR5,"₱7,250","₱7,230.00","₱8,120.00",0,/images/components/ram 6000mhz/GSKILL TRIDENT Z5 NEO RGB 2X16GB BLK DDR5.png
1YR,RAM 6400MHZ,TFORCE,Delta RGB DDR5 BLACK 32GB (2X16GB),RAM 6400MHZ - TFORCE Delta RGB DDR5 BLACK 32GB (2X16GB),"₱6,950","₱6,940.00","₱7,784.00",0,/images/components/ram 6400mhz/TFORCE Delta RGB DDR5 BLACK 32GB (2X16GB).png
1YR,RAM DDR3,KINGSTON,1600MHZ 8gb,RAM DDR3 - KINGSTON 1600MHZ 8gb,₱630,₱610.00,₱705.60,2,/images/components/ram ddr3/KINGSTON 1600MHZ 8gb.png
1YR,RAM DDR3,ST MAGIC,1600MHZ 8gb,RAM DDR3 - ST MAGIC 1600MHZ 8gb,₱500,₱480.00,₱560.00,0,/images/components/ram ddr3/ST MAGIC 1600MHZ 8gb.png
1YR,RAM DDR3,STMAGIC,1600MHZ 8gb,RAM DDR3 - STMAGIC 1600MHZ 8gb,,-₱20.00,₱0.00,0,/images/components/ram ddr3/STMAGIC 1600MHZ 8gb.png
1YR,RAM SODIMM,KINGSPEC,SODIMM-DDR3 1600MHZ 4gb ,RAM SODIMM - KINGSPEC SODIMM-DDR3 1600MHZ 4gb ,₱750,₱700.00,₱840.00,7,/images/components/ram sodimm/KINGSPEC SODIMM-DDR3 1600MHZ 4gb.png
1YR,RAM SODIMM,LEXAR,SODIMM-DDR4 3200MHZ 8gb ,RAM SODIMM - LEXAR SODIMM-DDR4 3200MHZ 8gb ,"₱1,100","₱1,080.00","₱1,232.00",0,/images/components/ram sodimm/LEXAR SODIMM-DDR4 3200MHZ 8gb.png
1YR,RAM SODIMM,NEO FORZA,SODIMM-DDR4 3200MHZ 8gb ,RAM SODIMM - NEO FORZA SODIMM-DDR4 3200MHZ 8gb ,"₱1,200","₱1,180.00","₱1,344.00",0,/images/components/ram sodimm/NEO FORZA SODIMM-DDR4 3200MHZ 8gb.png
1YR,RAM SODIMM,SKIHOTAR,SODIMM-DDR3 1600MHZ 4gb ,RAM SODIMM - SKIHOTAR SODIMM-DDR3 1600MHZ 4gb ,₱750,₱700.00,₱840.00,0,/images/components/ram sodimm/SKIHOTAR SODIMM-DDR3 1600MHZ 4gb.png
1YR,RAM SODIMM,STORM,SODIMM-DDR3 1600MHZ 8gb,RAM SODIMM - STORM SODIMM-DDR3 1600MHZ 8gb,₱750,₱740.00,₱840.00,0,/images/components/ram sodimm/STORM SODIMM-DDR3 1600MHZ 8gb.png
1YR,RAM SODIMM,TEAM GROUP,ELITE DDR4 3200MHZ 16gb,RAM SODIMM - TEAM GROUP ELITE DDR4 3200MHZ 16gb,"₱2,050","₱2,030.00","₱2,296.00",1,/images/components/ram sodimm/TEAM GROUP ELITE DDR4 3200MHZ 16gb.png
1YR,RAM SODIMM,TEAM GROUP,ELITE DDR4 3200MHZ 32gb,RAM SODIMM - TEAM GROUP ELITE DDR4 3200MHZ 32gb,"₱3,500","₱3,450.00","₱3,920.00",0,/images/components/ram sodimm/TEAM GROUP ELITE DDR4 3200MHZ 32gb.png
1YR,RAM SODIMM,TEAM GROUP,ELITE DDR5 5600MHZ 16gb,RAM SODIMM - TEAM GROUP ELITE DDR5 5600MHZ 16gb,"₱2,750","₱2,700.00","₱3,080.00",0,/images/components/ram sodimm/TEAM GROUP ELITE DDR5 5600MHZ 16gb.png
1YR,SSD 2.5-inch,APACER,AS350 SATAIII 512GB,SSD 2.5-inch - APACER AS350 SATAIII 512GB,"₱1,750","₱1,730.00","₱1,960.00",0,/images/components/ssd 2.5-inch/APACER AS350 SATAIII 512GB.png
1YR,SSD 2.5-inch,KINGMAX,120GB,SSD 2.5-inch - KINGMAX 120GB,₱720,₱700.00,₱806.40,3,/images/components/ssd 2.5-inch/KINGMAX 120GB.png
1YR,SSD 2.5-inch,KINGMAX,480GB,SSD 2.5-inch - KINGMAX 480GB,"₱1,700","₱1,680.00","₱1,904.00",5,/images/components/ssd 2.5-inch/KINGMAX 480GB.png
1YR,SSD 2.5-inch,KINGSTON,240GB,SSD 2.5-inch - KINGSTON 240GB,"₱1,050","₱1,030.00","₱1,176.00",0,/images/components/ssd 2.5-inch/KINGSTON 240GB.png
1YR,SSD 2.5-inch,KINGSTON,120GB,SSD 2.5-inch - KINGSTON 120GB,₱800,₱800.00,₱896.00,0,/images/components/ssd 2.5-inch/KINGSTON 120GB.png
1YR,SSD 2.5-inch,LEXAR,NS10 LITE 120GB,SSD 2.5-inch - LEXAR NS10 LITE 120GB,₱780,₱760.00,₱873.60,10,/images/components/ssd 2.5-inch/LEXAR NS10 LITE 120GB.png
1YR,SSD 2.5-inch,LEXAR,NS100 2TB,SSD 2.5-inch - LEXAR NS100 2TB,"₱5,600","₱5,580.00","₱6,272.00",0,/images/components/ssd 2.5-inch/LEXAR NS100 2TB.png
1YR,SSD 2.5-inch,STORM,120gb,SSD 2.5-inch - STORM 120gb,₱600,₱580.00,₱672.00,14,/images/components/ssd 2.5-inch/STORM 120gb.png
1YR,SSD 2.5-inch,STORM,240gb,SSD 2.5-inch - STORM 240gb,₱900,₱880.00,"₱1,008.00",5,/images/components/ssd 2.5-inch/STORM 240gb.png
1YR,SSD 2.5-inch,TEAM GROUP,GX2 1TB,SSD 2.5-inch - TEAM GROUP GX2 1TB,"₱3,350","₱3,300.00","₱3,752.00",0,/images/components/ssd 2.5-inch/TEAM GROUP GX2 1TB.png
1YR,SSD 2.5-inch,TEAM GROUP,GX2 256gb,SSD 2.5-inch - TEAM GROUP GX2 256gb,"₱1,150","₱1,250.00","₱1,288.00",4,/images/components/ssd 2.5-inch/TEAM GROUP GX2 256gb.png
1YR,SSD 2.5-inch,TEAM GROUP,GX2 512gb,SSD 2.5-inch - TEAM GROUP GX2 512gb,"₱1,900","₱1,880.00","₱2,128.00",3,/images/components/ssd 2.5-inch/TEAM GROUP GX2 512gb.png
1YR,SSD 2.5-inch,TFORCE,VULCAN Z 1TB,SSD 2.5-inch - TFORCE VULCAN Z 1TB,"₱3,250","₱3,200.00","₱3,640.00",0,/images/components/ssd 2.5-inch/TFORCE VULCAN Z 1TB.png
1YR,SSD 2.5-inch,WHALEKOM,WKSA-128GB,SSD 2.5-inch - WHALEKOM WKSA-128GB,₱680,₱660.00,₱761.60,0,/images/components/ssd 2.5-inch/WHALEKOM WKSA-128GB.png
1YR,SSD 2.5-inch,WHALEKOM,WKSA-512GB,SSD 2.5-inch - WHALEKOM WKSA-512GB,"₱1,550","₱1,650.00","₱1,736.00",0,/images/components/ssd 2.5-inch/WHALEKOM WKSA-512GB.png
1YR,SSD 2.5-inch,WHALEKOM,WKSA-1TB,SSD 2.5-inch - WHALEKOM WKSA-1TB,"₱3,000","₱2,950.00","₱3,360.00",3,/images/components/ssd 2.5-inch/WHALEKOM WKSA-1TB.png
1YR,SSD 2.5-inch,WHALEKOM,WKSA-256GB,SSD 2.5-inch - WHALEKOM WKSA-256GB,₱830,₱810.00,₱929.60,19,/images/components/ssd 2.5-inch/WHALEKOM WKSA-256GB.png
1YR,SSD 2.5-inch,TFORCE,VULCAN Z 512GB,SSD 2.5-inch - TFORCE VULCAN Z 512GB,"₱1,950","₱1,930.00","₱2,184.00",0,/images/components/ssd 2.5-inch/TFORCE VULCAN Z 512GB.png
1YR,SSD M.2,TEAM GROUP,R600 MS30 128gb,SSD M.2 - TEAM GROUP R600 MS30 128gb,₱980,₱960.00,"₱1,097.60",0,/images/components/ssd m.2/TEAM GROUP R600 MS30 128gb.png
1YR,SSD NVME,LEXAR,NM790 1TB GEN4,SSD NVME - LEXAR NM790 1TB GEN4,"₱4,900","₱4,850.00","₱5,488.00",1,/images/components/ssd nvme/LEXAR NM790 1TB GEN4.png
1YR,SSD NVME,LEXAR,NM620 256GB,SSD NVME - LEXAR NM620 256GB,"₱1,650","₱1,630.00","₱1,848.00",2,/images/components/ssd nvme/LEXAR NM620 256GB.png
1YR,SSD NVME,SAMSUNG,970 EVO PLUS 1tb,SSD NVME - SAMSUNG 970 EVO PLUS 1tb,"₱6,350","₱6,330.00","₱7,112.00",0,/images/components/ssd nvme/SAMSUNG 970 EVO PLUS 1tb.png
1YR,SSD NVME,TEAM GROUP,MP33 128gb,SSD NVME - TEAM GROUP MP33 128gb,"₱1,400","₱1,380.00","₱1,568.00",0,/images/components/ssd nvme/TEAM GROUP MP33 128gb.png
1YR,SSD NVME,TEAM GROUP,MP33 256gb,SSD NVME - TEAM GROUP MP33 256gb,"₱1,245","₱1,225.00","₱1,394.40",3,/images/components/ssd nvme/TEAM GROUP MP33 256gb.png
1YR,SSD NVME,TEAM GROUP,MP33 512gb,SSD NVME - TEAM GROUP MP33 512gb,"₱1,900","₱1,850.00","₱2,128.00",6,/images/components/ssd nvme/TEAM GROUP MP33 512gb.png
1YR,SSD NVME,TEAM GROUP,MP33 PRO 512gb,SSD NVME - TEAM GROUP MP33 PRO 512gb,"₱2,300","₱2,280.00","₱2,576.00",0,/images/components/ssd nvme/TEAM GROUP MP33 PRO 512gb.png
1YR,SSD NVME,TEAM GROUP,MP33 1tb,SSD NVME - TEAM GROUP MP33 1tb,"₱3,450","₱3,420.00","₱3,864.00",0,/images/components/ssd nvme/TEAM GROUP MP33 1tb.png
1YR,SSD NVME,TEAM GROUP,MP33 PRO 2TB,SSD NVME - TEAM GROUP MP33 PRO 2TB,"₱6,450","₱6,350.00","₱7,224.00",0,/images/components/ssd nvme/TEAM GROUP MP33 PRO 2TB.png
1YR,SSD NVME,TEAM GROUP,MP33 PRO 1TB,SSD NVME - TEAM GROUP MP33 PRO 1TB,"₱3,900","₱3,850.00","₱4,368.00",4,/images/components/ssd nvme/TEAM GROUP MP33 PRO 1TB.png
1YR,SSD NVME,TFORCE,M2 2280 CARDEA Z44L PCI-E GEN 4X4 250GB,SSD NVME - TFORCE M2 2280 CARDEA Z44L PCI-E GEN 4X4 250GB,"₱1,800","₱1,770.00","₱2,016.00",0,/images/components/ssd nvme/TFORCE M2 2280 CARDEA Z44L PCI-E GEN 4X4 250GB.png
1YR,SSD NVME,WHALEKOM,256GB (2280),SSD NVME - WHALEKOM 256GB (2280),"₱1,060","₱1,040.00","₱1,187.20",0,/images/components/ssd nvme/WHALEKOM 256GB (2280).png
1YR,SSD NVME,KINGSTON,NV3 PCIe 4.0 1TB,SSD NVME - KINGSTON NV3 PCIe 4.0 1TB,"₱3,300","₱3,280.00","₱3,696.00",2,/images/components/ssd nvme/KINGSTON NV3 PCIe 4.0 1TB.png
1YR,SSD NVME,APACER,M2 PCIE 3X4 256GB,SSD NVME - APACER M2 PCIE 3X4 256GB,"₱1,400","₱1,380.00","₱1,568.00",0,/images/components/ssd nvme/APACER M2 PCIE 3X4 256GB.png
1YR,SSD NVME,TEAM GROUP,MP44L PCI-E GEN 4 2TB,SSD NVME - TEAM GROUP MP44L PCI-E GEN 4 2TB,"₱6,325","₱6,305.00","₱7,084.00",0,/images/components/ssd nvme/TEAM GROUP MP44L PCI-E GEN 4 2TB.png
1YR,SSD PORTABLE,TEAM GROUP,PD1000 USB3.2 GEN2X1 512GB,SSD PORTABLE - TEAM GROUP PD1000 USB3.2 GEN2X1 512GB,"₱3,200","₱3,150.00","₱3,584.00",0,/images/components/ssd portable/TEAM GROUP PD1000 USB3.2 GEN2X1 512GB.png
1MO,STOCK FAN ,,INTEL STOCK FAN,STOCK FAN  -  INTEL STOCK FAN,₱450,₱400.00,₱504.00,0,/images/components/stock fan/INTEL STOCK FAN.png
1YR,RAM 3200MHZ,ADATA ,XPG SPECTRIX D50 RGB 16GB /2X8GB) DDR4 3200 WITH GREY HEATSINK,RAM 3200MHZ - ADATA  XPG SPECTRIX D50 RGB 16GB /2X8GB) DDR4 3200 WITH GREY HEATSINK,,,₱0.00,0,/images/components/ram 3200mhz/ADATA XPG SPECTRIX D50 RGB 16GB /2X8GB) DDR4 3200 WITH GREY HEATSINK.png
1YR,RAM 6000MHZ,ADATA XPG,LANCER BLADE RGB (2x16gb) 32gb-kit DDR5 white,RAM 6000MHZ - ADATA XPG LANCER BLADE RGB (2x16gb) 32gb-kit DDR5 white,,,₱0.00,0,/images/components/ram 6000mhz/ADATA XPG LANCER BLADE RGB (2x16gb) 32gb-kit DDR5 white.png
1YR,GPU,ASROCK,RX 6600 CHALLENGER 8GB WHITE,GPU - ASROCK RX 6600 CHALLENGER 8GB WHITE,,,₱0.00,0,/images/components/gpu/ASROCK RX 6600 CHALLENGER 8GB WHITE.png
1YR,GPU,GIGABYTE,RX 7600XT GAMING OC 16GB ,GPU - GIGABYTE RX 7600XT GAMING OC 16GB ,,,₱0.00,0,/images/components/gpu/GIGABYTE RX 7600XT GAMING OC 16GB.png
1WK,CASE GAMING,KEYTECH,VISOR - WHITE (TEMPERED GLASS),CASE GAMING - KEYTECH VISOR - WHITE (TEMPERED GLASS),,,₱0.00,0,/images/components/case gaming/KEYTECH VISOR - WHITE (TEMPERED GLASS).png
